scenario,metric,metric_label,comparison,adjustment,median_r,proportion_significant
S0_no_qc,AGBD,"Aboveground biomass density (AGBD, Mg ha^-1)",DOF–MOF,Bonferroni,0.36252576759817723,0.916
S1_baseline,AGBD,"Aboveground biomass density (AGBD, Mg ha^-1)",DOF–MOF,Bonferroni,0.36055607824965663,0.8885
S_agbd_low_uncert,AGBD,"Aboveground biomass density (AGBD, Mg ha^-1)",DOF–MOF,Bonferroni,0.35941586644310874,0.888
S_night_only,AGBD,"Aboveground biomass density (AGBD, Mg ha^-1)",DOF–MOF,Bonferroni,0.3112050081649978,0.738
S_sens080,AGBD,"Aboveground biomass density (AGBD, Mg ha^-1)",DOF–MOF,Bonferroni,0.3662735764243248,0.904
S_sens090,AGBD,"Aboveground biomass density (AGBD, Mg ha^-1)",DOF–MOF,Bonferroni,0.3662735764243248,0.904
S_sens095,AGBD,"Aboveground biomass density (AGBD, Mg ha^-1)",DOF–MOF,Bonferroni,0.39134739119719814,0.936
S_sens099,AGBD,"Aboveground biomass density (AGBD, Mg ha^-1)",DOF–MOF,Bonferroni,0.380019909437474,0.82
S_strong_beams,AGBD,"Aboveground biomass density (AGBD, Mg ha^-1)",DOF–MOF,Bonferroni,0.4184871211274176,0.978
S0_no_qc,AGBD,"Aboveground biomass density (AGBD, Mg ha^-1)",SDF–DOF,Bonferroni,0.06436606554118775,0.008
S1_baseline,AGBD,"Aboveground biomass density (AGBD, Mg ha^-1)",SDF–DOF,Bonferroni,0.06275617077408308,0.001
S_agbd_low_uncert,AGBD,"Aboveground biomass density (AGBD, Mg ha^-1)",SDF–DOF,Bonferroni,0.06619880827214211,0.008
S_night_only,AGBD,"Aboveground biomass density (AGBD, Mg ha^-1)",SDF–DOF,Bonferroni,0.06067035996389421,0.002
S_sens080,AGBD,"Aboveground biomass density (AGBD, Mg ha^-1)",SDF–DOF,Bonferroni,0.06723394164533815,0.002
S_sens090,AGBD,"Aboveground biomass density (AGBD, Mg ha^-1)",SDF–DOF,Bonferroni,0.06723394164533815,0.002
S_sens095,AGBD,"Aboveground biomass density (AGBD, Mg ha^-1)",SDF–DOF,Bonferroni,0.06606336031748795,0.004
S_sens099,AGBD,"Aboveground biomass density (AGBD, Mg ha^-1)",SDF–DOF,Bonferroni,0.07676061382103587,0.008
S_strong_beams,AGBD,"Aboveground biomass density (AGBD, Mg ha^-1)",SDF–DOF,Bonferroni,0.05887130302528592,0.004
S0_no_qc,AGBD,"Aboveground biomass density (AGBD, Mg ha^-1)",SDF–MOF,Bonferroni,0.33805346195398733,0.872
S1_baseline,AGBD,"Aboveground biomass density (AGBD, Mg ha^-1)",SDF–MOF,Bonferroni,0.37033723321213174,0.9425
S_agbd_low_uncert,AGBD,"Aboveground biomass density (AGBD, Mg ha^-1)",SDF–MOF,Bonferroni,0.3842693037189351,0.946
S_night_only,AGBD,"Aboveground biomass density (AGBD, Mg ha^-1)",SDF–MOF,Bonferroni,0.3036475273875236,0.732
S_sens080,AGBD,"Aboveground biomass density (AGBD, Mg ha^-1)",SDF–MOF,Bonferroni,0.3673101701793352,0.936
S_sens090,AGBD,"Aboveground biomass density (AGBD, Mg ha^-1)",SDF–MOF,Bonferroni,0.3673101701793352,0.936
S_sens095,AGBD,"Aboveground biomass density (AGBD, Mg ha^-1)",SDF–MOF,Bonferroni,0.362002566168496,0.936
S_sens099,AGBD,"Aboveground biomass density (AGBD, Mg ha^-1)",SDF–MOF,Bonferroni,0.41995192786701874,0.886
S_strong_beams,AGBD,"Aboveground biomass density (AGBD, Mg ha^-1)",SDF–MOF,Bonferroni,0.4267977597572642,0.984
S0_no_qc,AGBD,"Aboveground biomass density (AGBD, Mg ha^-1)",SDF–SSdF,Bonferroni,0.41312489241078765,0.964
S1_baseline,AGBD,"Aboveground biomass density (AGBD, Mg ha^-1)",SDF–SSdF,Bonferroni,0.42138406180621046,0.975
S_agbd_low_uncert,AGBD,"Aboveground biomass density (AGBD, Mg ha^-1)",SDF–SSdF,Bonferroni,0.45575135798849253,0.984
S_night_only,AGBD,"Aboveground biomass density (AGBD, Mg ha^-1)",SDF–SSdF,Bonferroni,0.3904694928618122,0.968
S_sens080,AGBD,"Aboveground biomass density (AGBD, Mg ha^-1)",SDF–SSdF,Bonferroni,0.421035578995979,0.978
S_sens090,AGBD,"Aboveground biomass density (AGBD, Mg ha^-1)",SDF–SSdF,Bonferroni,0.421035578995979,0.978
S_sens095,AGBD,"Aboveground biomass density (AGBD, Mg ha^-1)",SDF–SSdF,Bonferroni,0.41132743856558057,0.974
S_sens099,AGBD,"Aboveground biomass density (AGBD, Mg ha^-1)",SDF–SSdF,Bonferroni,0.3789387457927388,0.788
S_strong_beams,AGBD,"Aboveground biomass density (AGBD, Mg ha^-1)",SDF–SSdF,Bonferroni,0.40898326785810013,0.932
S0_no_qc,AGBD,"Aboveground biomass density (AGBD, Mg ha^-1)",SSdF–DOF,Bonferroni,0.44504295913292047,0.976
S1_baseline,AGBD,"Aboveground biomass density (AGBD, Mg ha^-1)",SSdF–DOF,Bonferroni,0.41270166394012103,0.953
S_agbd_low_uncert,AGBD,"Aboveground biomass density (AGBD, Mg ha^-1)",SSdF–DOF,Bonferroni,0.4354026200848005,0.968
S_night_only,AGBD,"Aboveground biomass density (AGBD, Mg ha^-1)",SSdF–DOF,Bonferroni,0.3992824373535665,0.95
S_sens080,AGBD,"Aboveground biomass density (AGBD, Mg ha^-1)",SSdF–DOF,Bonferroni,0.42400200853647874,0.968
S_sens090,AGBD,"Aboveground biomass density (AGBD, Mg ha^-1)",SSdF–DOF,Bonferroni,0.42400200853647874,0.968
S_sens095,AGBD,"Aboveground biomass density (AGBD, Mg ha^-1)",SSdF–DOF,Bonferroni,0.443359902708382,0.98
S_sens099,AGBD,"Aboveground biomass density (AGBD, Mg ha^-1)",SSdF–DOF,Bonferroni,0.34886142755874117,0.698
S_strong_beams,AGBD,"Aboveground biomass density (AGBD, Mg ha^-1)",SSdF–DOF,Bonferroni,0.39508462374972153,0.926
S0_no_qc,AGBD,"Aboveground biomass density (AGBD, Mg ha^-1)",SSdF–MOF,Bonferroni,0.08763869770294244,0.028
S1_baseline,AGBD,"Aboveground biomass density (AGBD, Mg ha^-1)",SSdF–MOF,Bonferroni,0.06874954340341091,0.013
S_agbd_low_uncert,AGBD,"Aboveground biomass density (AGBD, Mg ha^-1)",SSdF–MOF,Bonferroni,0.08376663686535178,0.024
S_night_only,AGBD,"Aboveground biomass density (AGBD, Mg ha^-1)",SSdF–MOF,Bonferroni,0.0894131831268741,0.036
S_sens080,AGBD,"Aboveground biomass density (AGBD, Mg ha^-1)",SSdF–MOF,Bonferroni,0.06998949640845957,0.01
S_sens090,AGBD,"Aboveground biomass density (AGBD, Mg ha^-1)",SSdF–MOF,Bonferroni,0.06998949640845957,0.01
S_sens095,AGBD,"Aboveground biomass density (AGBD, Mg ha^-1)",SSdF–MOF,Bonferroni,0.06764726568130504,0.01
S_sens099,AGBD,"Aboveground biomass density (AGBD, Mg ha^-1)",SSdF–MOF,Bonferroni,0.06880173873536866,0
S_strong_beams,AGBD,"Aboveground biomass density (AGBD, Mg ha^-1)",SSdF–MOF,Bonferroni,0.06014888606340057,0.004
S0_no_qc,COVER,"Canopy cover (COVER, %)",DOF–MOF,Bonferroni,0.3350641759746803,0.844
S1_baseline,COVER,"Canopy cover (COVER, %)",DOF–MOF,Bonferroni,0.34746712205711616,0.853
S_agbd_low_uncert,COVER,"Canopy cover (COVER, %)",DOF–MOF,Bonferroni,0.3181417419361853,0.776
S_night_only,COVER,"Canopy cover (COVER, %)",DOF–MOF,Bonferroni,0.3249829891860416,0.782
S_sens080,COVER,"Canopy cover (COVER, %)",DOF–MOF,Bonferroni,0.35841937635866783,0.848
S_sens090,COVER,"Canopy cover (COVER, %)",DOF–MOF,Bonferroni,0.35841937635866783,0.848
S_sens095,COVER,"Canopy cover (COVER, %)",DOF–MOF,Bonferroni,0.36324336175386485,0.862
S_sens099,COVER,"Canopy cover (COVER, %)",DOF–MOF,Bonferroni,0.316073186474782,0.568
S_strong_beams,COVER,"Canopy cover (COVER, %)",DOF–MOF,Bonferroni,0.40387373695255135,0.962
S0_no_qc,COVER,"Canopy cover (COVER, %)",SDF–DOF,Bonferroni,0.3587349237490779,0.876
S1_baseline,COVER,"Canopy cover (COVER, %)",SDF–DOF,Bonferroni,0.3374102638950317,0.858
S_agbd_low_uncert,COVER,"Canopy cover (COVER, %)",SDF–DOF,Bonferroni,0.34842089591213776,0.832
S_night_only,COVER,"Canopy cover (COVER, %)",SDF–DOF,Bonferroni,0.2403113528524658,0.434
S_sens080,COVER,"Canopy cover (COVER, %)",SDF–DOF,Bonferroni,0.34243904084893084,0.868
S_sens090,COVER,"Canopy cover (COVER, %)",SDF–DOF,Bonferroni,0.34243904084893084,0.868
S_sens095,COVER,"Canopy cover (COVER, %)",SDF–DOF,Bonferroni,0.30778915298388265,0.748
S_sens099,COVER,"Canopy cover (COVER, %)",SDF–DOF,Bonferroni,0.19142509610915448,0.17
S_strong_beams,COVER,"Canopy cover (COVER, %)",SDF–DOF,Bonferroni,0.345800566486123,0.85
S0_no_qc,COVER,"Canopy cover (COVER, %)",SDF–MOF,Bonferroni,0.059844611084130556,0.006
S1_baseline,COVER,"Canopy cover (COVER, %)",SDF–MOF,Bonferroni,0.05510971467877704,0.002
S_agbd_low_uncert,COVER,"Canopy cover (COVER, %)",SDF–MOF,Bonferroni,0.06312869328090052,0
S_night_only,COVER,"Canopy cover (COVER, %)",SDF–MOF,Bonferroni,0.09385741201156547,0.02
S_sens080,COVER,"Canopy cover (COVER, %)",SDF–MOF,Bonferroni,0.053249925162986426,0.002
S_sens090,COVER,"Canopy cover (COVER, %)",SDF–MOF,Bonferroni,0.053249925162986426,0.002
S_sens095,COVER,"Canopy cover (COVER, %)",SDF–MOF,Bonferroni,0.06461623580627712,0.012
S_sens099,COVER,"Canopy cover (COVER, %)",SDF–MOF,Bonferroni,0.1258643499551969,0.046
S_strong_beams,COVER,"Canopy cover (COVER, %)",SDF–MOF,Bonferroni,0.06797749274821611,0.008
S0_no_qc,COVER,"Canopy cover (COVER, %)",SDF–SSdF,Bonferroni,0.06835571553268481,0.01
S1_baseline,COVER,"Canopy cover (COVER, %)",SDF–SSdF,Bonferroni,0.06454768387932068,0.007
S_agbd_low_uncert,COVER,"Canopy cover (COVER, %)",SDF–SSdF,Bonferroni,0.06469975145726353,0.012
S_night_only,COVER,"Canopy cover (COVER, %)",SDF–SSdF,Bonferroni,0.11089580474462074,0.058
S_sens080,COVER,"Canopy cover (COVER, %)",SDF–SSdF,Bonferroni,0.060207186500352707,0.008
S_sens090,COVER,"Canopy cover (COVER, %)",SDF–SSdF,Bonferroni,0.060207186500352707,0.008
S_sens095,COVER,"Canopy cover (COVER, %)",SDF–SSdF,Bonferroni,0.06592513682936971,0.01
S_sens099,COVER,"Canopy cover (COVER, %)",SDF–SSdF,Bonferroni,0.16377133023176932,0.086
S_strong_beams,COVER,"Canopy cover (COVER, %)",SDF–SSdF,Bonferroni,0.07436822782009025,0.01
S0_no_qc,COVER,"Canopy cover (COVER, %)",SSdF–DOF,Bonferroni,0.39869678457991975,0.936
S1_baseline,COVER,"Canopy cover (COVER, %)",SSdF–DOF,Bonferroni,0.36000512408941904,0.8545
S_agbd_low_uncert,COVER,"Canopy cover (COVER, %)",SSdF–DOF,Bonferroni,0.3559900035659819,0.85
S_night_only,COVER,"Canopy cover (COVER, %)",SSdF–DOF,Bonferroni,0.3469096976407011,0.848
S_sens080,COVER,"Canopy cover (COVER, %)",SSdF–DOF,Bonferroni,0.37040686269365,0.864
S_sens090,COVER,"Canopy cover (COVER, %)",SSdF–DOF,Bonferroni,0.37040686269365,0.864
S_sens095,COVER,"Canopy cover (COVER, %)",SSdF–DOF,Bonferroni,0.36427759639378143,0.858
S_sens099,COVER,"Canopy cover (COVER, %)",SSdF–DOF,Bonferroni,0.35897921212215933,0.714
S_strong_beams,COVER,"Canopy cover (COVER, %)",SSdF–DOF,Bonferroni,0.37351749901832226,0.874
S0_no_qc,COVER,"Canopy cover (COVER, %)",SSdF–MOF,Bonferroni,0.07154728548738679,0.034
S1_baseline,COVER,"Canopy cover (COVER, %)",SSdF–MOF,Bonferroni,0.06537382049126629,0.01
S_agbd_low_uncert,COVER,"Canopy cover (COVER, %)",SSdF–MOF,Bonferroni,0.07098365352947707,0.006
S_night_only,COVER,"Canopy cover (COVER, %)",SSdF–MOF,Bonferroni,0.06652279591827928,0.01
S_sens080,COVER,"Canopy cover (COVER, %)",SSdF–MOF,Bonferroni,0.06261883928742945,0.008
S_sens090,COVER,"Canopy cover (COVER, %)",SSdF–MOF,Bonferroni,0.06261883928742945,0.008
S_sens095,COVER,"Canopy cover (COVER, %)",SSdF–MOF,Bonferroni,0.061998561687067924,0.008
S_sens099,COVER,"Canopy cover (COVER, %)",SSdF–MOF,Bonferroni,0.07824295941285393,0.006
S_strong_beams,COVER,"Canopy cover (COVER, %)",SSdF–MOF,Bonferroni,0.06869622669037151,0.016
S0_no_qc,FHD,Foliage height diversity (FHD),DOF–MOF,Bonferroni,0.27614826958428895,0.64
S1_baseline,FHD,Foliage height diversity (FHD),DOF–MOF,Bonferroni,0.27072723216247985,0.5935
S_agbd_low_uncert,FHD,Foliage height diversity (FHD),DOF–MOF,Bonferroni,0.26815261123199086,0.576
S_night_only,FHD,Foliage height diversity (FHD),DOF–MOF,Bonferroni,0.29475767534351616,0.658
S_sens080,FHD,Foliage height diversity (FHD),DOF–MOF,Bonferroni,0.2766505830664933,0.628
S_sens090,FHD,Foliage height diversity (FHD),DOF–MOF,Bonferroni,0.2766505830664933,0.628
S_sens095,FHD,Foliage height diversity (FHD),DOF–MOF,Bonferroni,0.2938040193757748,0.682
S_sens099,FHD,Foliage height diversity (FHD),DOF–MOF,Bonferroni,0.33617897250942796,0.65
S_strong_beams,FHD,Foliage height diversity (FHD),DOF–MOF,Bonferroni,0.3561824147716113,0.88
S0_no_qc,FHD,Foliage height diversity (FHD),SDF–DOF,Bonferroni,0.07899529644896075,0.032
S1_baseline,FHD,Foliage height diversity (FHD),SDF–DOF,Bonferroni,0.09623569887374943,0.0485
S_agbd_low_uncert,FHD,Foliage height diversity (FHD),SDF–DOF,Bonferroni,0.08305252559640702,0.03
S_night_only,FHD,Foliage height diversity (FHD),SDF–DOF,Bonferroni,0.08919080268408479,0.036
S_sens080,FHD,Foliage height diversity (FHD),SDF–DOF,Bonferroni,0.09230891936267047,0.052
S_sens090,FHD,Foliage height diversity (FHD),SDF–DOF,Bonferroni,0.09230891936267047,0.052
S_sens095,FHD,Foliage height diversity (FHD),SDF–DOF,Bonferroni,0.08128664472058864,0.038
S_sens099,FHD,Foliage height diversity (FHD),SDF–DOF,Bonferroni,0.0785149770424128,0.002
S_strong_beams,FHD,Foliage height diversity (FHD),SDF–DOF,Bonferroni,0.06765806413608297,0.004
S0_no_qc,FHD,Foliage height diversity (FHD),SDF–MOF,Bonferroni,0.34344066059423983,0.91
S1_baseline,FHD,Foliage height diversity (FHD),SDF–MOF,Bonferroni,0.3624153093992066,0.926
S_agbd_low_uncert,FHD,Foliage height diversity (FHD),SDF–MOF,Bonferroni,0.33349590058339307,0.882
S_night_only,FHD,Foliage height diversity (FHD),SDF–MOF,Bonferroni,0.3803940372222626,0.952
S_sens080,FHD,Foliage height diversity (FHD),SDF–MOF,Bonferroni,0.36041820729470764,0.928
S_sens090,FHD,Foliage height diversity (FHD),SDF–MOF,Bonferroni,0.36041820729470764,0.928
S_sens095,FHD,Foliage height diversity (FHD),SDF–MOF,Bonferroni,0.35814688554809915,0.916
S_sens099,FHD,Foliage height diversity (FHD),SDF–MOF,Bonferroni,0.3452142171894125,0.68
S_strong_beams,FHD,Foliage height diversity (FHD),SDF–MOF,Bonferroni,0.37815058489224823,0.944
S0_no_qc,FHD,Foliage height diversity (FHD),SDF–SSdF,Bonferroni,0.47875591849289223,0.992
S1_baseline,FHD,Foliage height diversity (FHD),SDF–SSdF,Bonferroni,0.4651951274883024,0.9925
S_agbd_low_uncert,FHD,Foliage height diversity (FHD),SDF–SSdF,Bonferroni,0.44418492952619504,0.984
S_night_only,FHD,Foliage height diversity (FHD),SDF–SSdF,Bonferroni,0.45217533837932883,0.998
S_sens080,FHD,Foliage height diversity (FHD),SDF–SSdF,Bonferroni,0.4645053255618114,0.998
S_sens090,FHD,Foliage height diversity (FHD),SDF–SSdF,Bonferroni,0.4645053255618114,0.998
S_sens095,FHD,Foliage height diversity (FHD),SDF–SSdF,Bonferroni,0.4587215083801688,0.996
S_sens099,FHD,Foliage height diversity (FHD),SDF–SSdF,Bonferroni,0.4043039591321014,0.864
S_strong_beams,FHD,Foliage height diversity (FHD),SDF–SSdF,Bonferroni,0.41793326177592144,0.962
S0_no_qc,FHD,Foliage height diversity (FHD),SSdF–DOF,Bonferroni,0.40368448414749136,0.93
S1_baseline,FHD,Foliage height diversity (FHD),SSdF–DOF,Bonferroni,0.3753672967455416,0.9025
S_agbd_low_uncert,FHD,Foliage height diversity (FHD),SSdF–DOF,Bonferroni,0.36905896302710395,0.876
S_night_only,FHD,Foliage height diversity (FHD),SSdF–DOF,Bonferroni,0.3625425316102603,0.874
S_sens080,FHD,Foliage height diversity (FHD),SSdF–DOF,Bonferroni,0.389213868612951,0.9
S_sens090,FHD,Foliage height diversity (FHD),SSdF–DOF,Bonferroni,0.389213868612951,0.9
S_sens095,FHD,Foliage height diversity (FHD),SSdF–DOF,Bonferroni,0.40044026952279854,0.91
S_sens099,FHD,Foliage height diversity (FHD),SSdF–DOF,Bonferroni,0.40039294737009246,0.816
S_strong_beams,FHD,Foliage height diversity (FHD),SSdF–DOF,Bonferroni,0.3979604226561744,0.906
S0_no_qc,FHD,Foliage height diversity (FHD),SSdF–MOF,Bonferroni,0.13026186980245308,0.08
S1_baseline,FHD,Foliage height diversity (FHD),SSdF–MOF,Bonferroni,0.10443324384336733,0.0455
S_agbd_low_uncert,FHD,Foliage height diversity (FHD),SSdF–MOF,Bonferroni,0.10361904043585599,0.042
S_night_only,FHD,Foliage height diversity (FHD),SSdF–MOF,Bonferroni,0.07919010050209338,0.02
S_sens080,FHD,Foliage height diversity (FHD),SSdF–MOF,Bonferroni,0.10753273033814742,0.038
S_sens090,FHD,Foliage height diversity (FHD),SSdF–MOF,Bonferroni,0.10753273033814742,0.038
S_sens095,FHD,Foliage height diversity (FHD),SSdF–MOF,Bonferroni,0.10119578095087156,0.034
S_sens099,FHD,Foliage height diversity (FHD),SSdF–MOF,Bonferroni,0.0805379988638962,0.014
S_strong_beams,FHD,Foliage height diversity (FHD),SSdF–MOF,Bonferroni,0.06717873059057769,0.008
S0_no_qc,H,"Canopy height (H, m)",DOF–MOF,Bonferroni,0.26457980891767174,0.58
S1_baseline,H,"Canopy height (H, m)",DOF–MOF,Bonferroni,0.26611181635441605,0.5705
S_agbd_low_uncert,H,"Canopy height (H, m)",DOF–MOF,Bonferroni,0.25965482100792103,0.526
S_night_only,H,"Canopy height (H, m)",DOF–MOF,Bonferroni,0.3166110181107286,0.744
S_sens080,H,"Canopy height (H, m)",DOF–MOF,Bonferroni,0.2752733928368952,0.6
S_sens090,H,"Canopy height (H, m)",DOF–MOF,Bonferroni,0.2752733928368952,0.6
S_sens095,H,"Canopy height (H, m)",DOF–MOF,Bonferroni,0.29552493777389605,0.678
S_sens099,H,"Canopy height (H, m)",DOF–MOF,Bonferroni,0.3589735657117439,0.738
S_strong_beams,H,"Canopy height (H, m)",DOF–MOF,Bonferroni,0.34524129164452066,0.854
S0_no_qc,H,"Canopy height (H, m)",SDF–DOF,Bonferroni,0.09209372928622123,0.066
S1_baseline,H,"Canopy height (H, m)",SDF–DOF,Bonferroni,0.1203461123801075,0.079
S_agbd_low_uncert,H,"Canopy height (H, m)",SDF–DOF,Bonferroni,0.138039971406006,0.12
S_night_only,H,"Canopy height (H, m)",SDF–DOF,Bonferroni,0.10089465650597777,0.044
S_sens080,H,"Canopy height (H, m)",SDF–DOF,Bonferroni,0.11366530466220684,0.09
S_sens090,H,"Canopy height (H, m)",SDF–DOF,Bonferroni,0.11366530466220684,0.09
S_sens095,H,"Canopy height (H, m)",SDF–DOF,Bonferroni,0.10250423446987035,0.07
S_sens099,H,"Canopy height (H, m)",SDF–DOF,Bonferroni,0.07810880191590407,0.006
S_strong_beams,H,"Canopy height (H, m)",SDF–DOF,Bonferroni,0.06989482278886053,0.002
S0_no_qc,H,"Canopy height (H, m)",SDF–MOF,Bonferroni,0.3522843854447822,0.924
S1_baseline,H,"Canopy height (H, m)",SDF–MOF,Bonferroni,0.3828061108861761,0.951
S_agbd_low_uncert,H,"Canopy height (H, m)",SDF–MOF,Bonferroni,0.3909103673940496,0.958
S_night_only,H,"Canopy height (H, m)",SDF–MOF,Bonferroni,0.4126923431199804,0.982
S_sens080,H,"Canopy height (H, m)",SDF–MOF,Bonferroni,0.38349616017949806,0.96
S_sens090,H,"Canopy height (H, m)",SDF–MOF,Bonferroni,0.38349616017949806,0.96
S_sens095,H,"Canopy height (H, m)",SDF–MOF,Bonferroni,0.3894193849760893,0.97
S_sens099,H,"Canopy height (H, m)",SDF–MOF,Bonferroni,0.39445849903642116,0.856
S_strong_beams,H,"Canopy height (H, m)",SDF–MOF,Bonferroni,0.38190518577427107,0.96
S0_no_qc,H,"Canopy height (H, m)",SDF–SSdF,Bonferroni,0.4849427958174988,0.994
S1_baseline,H,"Canopy height (H, m)",SDF–SSdF,Bonferroni,0.48041868122876474,0.9965
S_agbd_low_uncert,H,"Canopy height (H, m)",SDF–SSdF,Bonferroni,0.468607301101326,0.99
S_night_only,H,"Canopy height (H, m)",SDF–SSdF,Bonferroni,0.4506199574171379,0.994
S_sens080,H,"Canopy height (H, m)",SDF–SSdF,Bonferroni,0.47800814266708036,1
S_sens090,H,"Canopy height (H, m)",SDF–SSdF,Bonferroni,0.47800814266708036,1
S_sens095,H,"Canopy height (H, m)",SDF–SSdF,Bonferroni,0.47669992254471294,1
S_sens099,H,"Canopy height (H, m)",SDF–SSdF,Bonferroni,0.4022793861841244,0.858
S_strong_beams,H,"Canopy height (H, m)",SDF–SSdF,Bonferroni,0.4128187952354358,0.942
S0_no_qc,H,"Canopy height (H, m)",SSdF–DOF,Bonferroni,0.39736751377968094,0.914
S1_baseline,H,"Canopy height (H, m)",SSdF–DOF,Bonferroni,0.3642756029796569,0.884
S_agbd_low_uncert,H,"Canopy height (H, m)",SSdF–DOF,Bonferroni,0.3319940417855035,0.778
S_night_only,H,"Canopy height (H, m)",SSdF–DOF,Bonferroni,0.348169706343203,0.838
S_sens080,H,"Canopy height (H, m)",SSdF–DOF,Bonferroni,0.3751596831980166,0.892
S_sens090,H,"Canopy height (H, m)",SSdF–DOF,Bonferroni,0.3751596831980166,0.892
S_sens095,H,"Canopy height (H, m)",SSdF–DOF,Bonferroni,0.38597430254030896,0.916
S_sens099,H,"Canopy height (H, m)",SSdF–DOF,Bonferroni,0.36369912229254514,0.722
S_strong_beams,H,"Canopy height (H, m)",SSdF–DOF,Bonferroni,0.3653686734877204,0.89
S0_no_qc,H,"Canopy height (H, m)",SSdF–MOF,Bonferroni,0.13079368880723188,0.066
S1_baseline,H,"Canopy height (H, m)",SSdF–MOF,Bonferroni,0.10036847401312013,0.0345
S_agbd_low_uncert,H,"Canopy height (H, m)",SSdF–MOF,Bonferroni,0.0791249186106193,0.016
S_night_only,H,"Canopy height (H, m)",SSdF–MOF,Bonferroni,0.06296708721835602,0.014
S_sens080,H,"Canopy height (H, m)",SSdF–MOF,Bonferroni,0.10092010935710842,0.024
S_sens090,H,"Canopy height (H, m)",SSdF–MOF,Bonferroni,0.10092010935710842,0.024
S_sens095,H,"Canopy height (H, m)",SSdF–MOF,Bonferroni,0.09038017309201352,0.02
S_sens099,H,"Canopy height (H, m)",SSdF–MOF,Bonferroni,0.0685305423151091,0.004
S_strong_beams,H,"Canopy height (H, m)",SSdF–MOF,Bonferroni,0.06494228404583227,0.004
S0_no_qc,PAI,"Plant area index (PAI, m^2 m^-2)",DOF–MOF,Bonferroni,0.33353489635055966,0.828
S1_baseline,PAI,"Plant area index (PAI, m^2 m^-2)",DOF–MOF,Bonferroni,0.34657061674689765,0.846
S_agbd_low_uncert,PAI,"Plant area index (PAI, m^2 m^-2)",DOF–MOF,Bonferroni,0.31663949654508705,0.764
S_night_only,PAI,"Plant area index (PAI, m^2 m^-2)",DOF–MOF,Bonferroni,0.3229826732394547,0.788
S_sens080,PAI,"Plant area index (PAI, m^2 m^-2)",DOF–MOF,Bonferroni,0.35525052359651144,0.842
S_sens090,PAI,"Plant area index (PAI, m^2 m^-2)",DOF–MOF,Bonferroni,0.35525052359651144,0.842
S_sens095,PAI,"Plant area index (PAI, m^2 m^-2)",DOF–MOF,Bonferroni,0.3633121048285305,0.858
S_sens099,PAI,"Plant area index (PAI, m^2 m^-2)",DOF–MOF,Bonferroni,0.3078485063576717,0.554
S_strong_beams,PAI,"Plant area index (PAI, m^2 m^-2)",DOF–MOF,Bonferroni,0.4075457769731642,0.964
S0_no_qc,PAI,"Plant area index (PAI, m^2 m^-2)",SDF–DOF,Bonferroni,0.3620601705265134,0.88
S1_baseline,PAI,"Plant area index (PAI, m^2 m^-2)",SDF–DOF,Bonferroni,0.3380315131930446,0.8635
S_agbd_low_uncert,PAI,"Plant area index (PAI, m^2 m^-2)",SDF–DOF,Bonferroni,0.35198943044378506,0.83
S_night_only,PAI,"Plant area index (PAI, m^2 m^-2)",SDF–DOF,Bonferroni,0.24164527548413234,0.442
S_sens080,PAI,"Plant area index (PAI, m^2 m^-2)",SDF–DOF,Bonferroni,0.34326532258515646,0.87
S_sens090,PAI,"Plant area index (PAI, m^2 m^-2)",SDF–DOF,Bonferroni,0.34326532258515646,0.87
S_sens095,PAI,"Plant area index (PAI, m^2 m^-2)",SDF–DOF,Bonferroni,0.30950993525716464,0.754
S_sens099,PAI,"Plant area index (PAI, m^2 m^-2)",SDF–DOF,Bonferroni,0.16134367912838674,0.134
S_strong_beams,PAI,"Plant area index (PAI, m^2 m^-2)",SDF–DOF,Bonferroni,0.34540272140707984,0.846
S0_no_qc,PAI,"Plant area index (PAI, m^2 m^-2)",SDF–MOF,Bonferroni,0.05937888969217143,0.006
S1_baseline,PAI,"Plant area index (PAI, m^2 m^-2)",SDF–MOF,Bonferroni,0.05490322931049988,0.0025
S_agbd_low_uncert,PAI,"Plant area index (PAI, m^2 m^-2)",SDF–MOF,Bonferroni,0.06469943156850555,0
S_night_only,PAI,"Plant area index (PAI, m^2 m^-2)",SDF–MOF,Bonferroni,0.09067217295495505,0.02
S_sens080,PAI,"Plant area index (PAI, m^2 m^-2)",SDF–MOF,Bonferroni,0.052147476869325415,0.002
S_sens090,PAI,"Plant area index (PAI, m^2 m^-2)",SDF–MOF,Bonferroni,0.052147476869325415,0.002
S_sens095,PAI,"Plant area index (PAI, m^2 m^-2)",SDF–MOF,Bonferroni,0.06427193617334287,0.008
S_sens099,PAI,"Plant area index (PAI, m^2 m^-2)",SDF–MOF,Bonferroni,0.14110904251279577,0.076
S_strong_beams,PAI,"Plant area index (PAI, m^2 m^-2)",SDF–MOF,Bonferroni,0.06765798586127836,0.008
S0_no_qc,PAI,"Plant area index (PAI, m^2 m^-2)",SDF–SSdF,Bonferroni,0.06802309040892122,0.008
S1_baseline,PAI,"Plant area index (PAI, m^2 m^-2)",SDF–SSdF,Bonferroni,0.06530505547504291,0.007
S_agbd_low_uncert,PAI,"Plant area index (PAI, m^2 m^-2)",SDF–SSdF,Bonferroni,0.06548553078602727,0.012
S_night_only,PAI,"Plant area index (PAI, m^2 m^-2)",SDF–SSdF,Bonferroni,0.1070442385189915,0.05
S_sens080,PAI,"Plant area index (PAI, m^2 m^-2)",SDF–SSdF,Bonferroni,0.060758622088247644,0.008
S_sens090,PAI,"Plant area index (PAI, m^2 m^-2)",SDF–SSdF,Bonferroni,0.060758622088247644,0.008
S_sens095,PAI,"Plant area index (PAI, m^2 m^-2)",SDF–SSdF,Bonferroni,0.06564938627620909,0.012
S_sens099,PAI,"Plant area index (PAI, m^2 m^-2)",SDF–SSdF,Bonferroni,0.17564278922645818,0.12
S_strong_beams,PAI,"Plant area index (PAI, m^2 m^-2)",SDF–SSdF,Bonferroni,0.07197169782231072,0.01
S0_no_qc,PAI,"Plant area index (PAI, m^2 m^-2)",SSdF–DOF,Bonferroni,0.40215512446564494,0.936
S1_baseline,PAI,"Plant area index (PAI, m^2 m^-2)",SSdF–DOF,Bonferroni,0.3605550676742469,0.857
S_agbd_low_uncert,PAI,"Plant area index (PAI, m^2 m^-2)",SSdF–DOF,Bonferroni,0.3577751584399642,0.854
S_night_only,PAI,"Plant area index (PAI, m^2 m^-2)",SSdF–DOF,Bonferroni,0.3458720322080474,0.854
S_sens080,PAI,"Plant area index (PAI, m^2 m^-2)",SSdF–DOF,Bonferroni,0.3704063178809037,0.874
S_sens090,PAI,"Plant area index (PAI, m^2 m^-2)",SSdF–DOF,Bonferroni,0.3704063178809037,0.874
S_sens095,PAI,"Plant area index (PAI, m^2 m^-2)",SSdF–DOF,Bonferroni,0.36468878026123286,0.862
S_sens099,PAI,"Plant area index (PAI, m^2 m^-2)",SSdF–DOF,Bonferroni,0.3442716693648894,0.682
S_strong_beams,PAI,"Plant area index (PAI, m^2 m^-2)",SSdF–DOF,Bonferroni,0.36968167029831245,0.864
S0_no_qc,PAI,"Plant area index (PAI, m^2 m^-2)",SSdF–MOF,Bonferroni,0.07241172253385873,0.036
S1_baseline,PAI,"Plant area index (PAI, m^2 m^-2)",SSdF–MOF,Bonferroni,0.0662005802201679,0.01
S_agbd_low_uncert,PAI,"Plant area index (PAI, m^2 m^-2)",SSdF–MOF,Bonferroni,0.0716978358846927,0.004
S_night_only,PAI,"Plant area index (PAI, m^2 m^-2)",SSdF–MOF,Bonferroni,0.06756005119683905,0.01
S_sens080,PAI,"Plant area index (PAI, m^2 m^-2)",SSdF–MOF,Bonferroni,0.06399643816917727,0.008
S_sens090,PAI,"Plant area index (PAI, m^2 m^-2)",SSdF–MOF,Bonferroni,0.06399643816917727,0.008
S_sens095,PAI,"Plant area index (PAI, m^2 m^-2)",SSdF–MOF,Bonferroni,0.06282535983094167,0.008
S_sens099,PAI,"Plant area index (PAI, m^2 m^-2)",SSdF–MOF,Bonferroni,0.07702980846544909,0.004
S_strong_beams,PAI,"Plant area index (PAI, m^2 m^-2)",SSdF–MOF,Bonferroni,0.069175775525017,0.016
