variavel,comparacao,comparacao_en,ajuste,r_median,prop_sig,scenario,r_base,prop_sig_base,delta_r,delta_prop_sig
agbd,FED - FES,SDF–SSdF,Bonferroni,0.41312489241078765,0.964,S0_no_qc,0.42138406180621046,0.975,-0.008259169395422816,-0.01100000000000001
agbd,FED - FES,SDF–SSdF,FDR,0.41312489241078765,0.988,S0_no_qc,0.42138406180621046,0.995,-0.008259169395422816,-0.007000000000000006
agbd,FED - FOD,SDF–DOF,Bonferroni,0.06436606554118775,0.008,S0_no_qc,0.06275617077408308,0.001,0.001609894767104672,0.007
agbd,FED - FOD,SDF–DOF,FDR,0.06436606554118775,0.03,S0_no_qc,0.06275617077408308,0.032,0.001609894767104672,-0.0020000000000000018
agbd,FED - FOM,SDF–MOF,Bonferroni,0.33805346195398733,0.872,S0_no_qc,0.37033723321213174,0.9425,-0.03228377125814441,-0.07050000000000001
agbd,FED - FOM,SDF–MOF,FDR,0.33805346195398733,0.956,S0_no_qc,0.37033723321213174,0.987,-0.03228377125814441,-0.031000000000000028
agbd,FES - FOD,SSdF–DOF,Bonferroni,0.44504295913292047,0.976,S0_no_qc,0.41270166394012103,0.953,0.032341295192799435,0.02300000000000002
agbd,FES - FOD,SSdF–DOF,FDR,0.44504295913292047,0.994,S0_no_qc,0.41270166394012103,0.982,0.032341295192799435,0.01200000000000001
agbd,FES - FOM,SSdF–MOF,Bonferroni,0.08763869770294244,0.028,S0_no_qc,0.06874954340341091,0.013,0.01888915429953153,0.015000000000000001
agbd,FES - FOM,SSdF–MOF,FDR,0.08763869770294244,0.092,S0_no_qc,0.06874954340341091,0.05,0.01888915429953153,0.041999999999999996
agbd,FOD - FOM,DOF–MOF,Bonferroni,0.36252576759817723,0.916,S0_no_qc,0.36055607824965663,0.8885,0.001969689348520598,0.02750000000000008
agbd,FOD - FOM,DOF–MOF,FDR,0.36252576759817723,0.968,S0_no_qc,0.36055607824965663,0.9635,0.001969689348520598,0.0044999999999999485
altura_dossel,FED - FES,SDF–SSdF,Bonferroni,0.4849427958174988,0.994,S0_no_qc,0.48041868122876474,0.9965,0.0045241145887340295,-0.0025000000000000577
altura_dossel,FED - FES,SDF–SSdF,FDR,0.4849427958174988,0.998,S0_no_qc,0.48041868122876474,0.9985,0.0045241145887340295,-5.00000000000056e-4
altura_dossel,FED - FOD,SDF–DOF,Bonferroni,0.09209372928622123,0.066,S0_no_qc,0.1203461123801075,0.079,-0.02825238309388628,-0.012999999999999998
altura_dossel,FED - FOD,SDF–DOF,FDR,0.09209372928622123,0.132,S0_no_qc,0.1203461123801075,0.211,-0.02825238309388628,-0.07899999999999999
altura_dossel,FED - FOM,SDF–MOF,Bonferroni,0.3522843854447822,0.924,S0_no_qc,0.3828061108861761,0.951,-0.03052172544139392,-0.026999999999999913
altura_dossel,FED - FOM,SDF–MOF,FDR,0.3522843854447822,0.974,S0_no_qc,0.3828061108861761,0.9885,-0.03052172544139392,-0.014500000000000068
altura_dossel,FES - FOD,SSdF–DOF,Bonferroni,0.39736751377968094,0.914,S0_no_qc,0.3642756029796569,0.884,0.03309191080002405,0.030000000000000027
altura_dossel,FES - FOD,SSdF–DOF,FDR,0.39736751377968094,0.968,S0_no_qc,0.3642756029796569,0.95,0.03309191080002405,0.018000000000000016
altura_dossel,FES - FOM,SSdF–MOF,Bonferroni,0.13079368880723188,0.066,S0_no_qc,0.10036847401312013,0.0345,0.030425214794111755,0.0315
altura_dossel,FES - FOM,SSdF–MOF,FDR,0.13079368880723188,0.22,S0_no_qc,0.10036847401312013,0.1285,0.030425214794111755,0.0915
altura_dossel,FOD - FOM,DOF–MOF,Bonferroni,0.26457980891767174,0.58,S0_no_qc,0.26611181635441605,0.5705,-0.0015320074367443093,0.009499999999999953
altura_dossel,FOD - FOM,DOF–MOF,FDR,0.26457980891767174,0.788,S0_no_qc,0.26611181635441605,0.7695,-0.0015320074367443093,0.018500000000000072
cover,FED - FES,SDF–SSdF,Bonferroni,0.06835571553268481,0.01,S0_no_qc,0.06454768387932068,0.007,0.00380803165336413,0.003
cover,FED - FES,SDF–SSdF,FDR,0.06835571553268481,0.06,S0_no_qc,0.06454768387932068,0.0265,0.00380803165336413,0.0335
cover,FED - FOD,SDF–DOF,Bonferroni,0.3587349237490779,0.876,S0_no_qc,0.3374102638950317,0.858,0.02132465985404619,0.018000000000000016
cover,FED - FOD,SDF–DOF,FDR,0.3587349237490779,0.944,S0_no_qc,0.3374102638950317,0.9245,0.02132465985404619,0.019499999999999962
cover,FED - FOM,SDF–MOF,Bonferroni,0.059844611084130556,0.006,S0_no_qc,0.05510971467877704,0.002,0.004734896405353517,0.004
cover,FED - FOM,SDF–MOF,FDR,0.059844611084130556,0.018,S0_no_qc,0.05510971467877704,0.0125,0.004734896405353517,0.005499999999999998
cover,FES - FOD,SSdF–DOF,Bonferroni,0.39869678457991975,0.936,S0_no_qc,0.36000512408941904,0.8545,0.03869166049050071,0.08150000000000002
cover,FES - FOD,SSdF–DOF,FDR,0.39869678457991975,0.96,S0_no_qc,0.36000512408941904,0.9135,0.03869166049050071,0.046499999999999986
cover,FES - FOM,SSdF–MOF,Bonferroni,0.07154728548738679,0.034,S0_no_qc,0.06537382049126629,0.01,0.006173464996120495,0.024
cover,FES - FOM,SSdF–MOF,FDR,0.07154728548738679,0.094,S0_no_qc,0.06537382049126629,0.035,0.006173464996120495,0.059
cover,FOD - FOM,DOF–MOF,Bonferroni,0.3350641759746803,0.844,S0_no_qc,0.34746712205711616,0.853,-0.012402946082435862,-0.009000000000000008
cover,FOD - FOM,DOF–MOF,FDR,0.3350641759746803,0.912,S0_no_qc,0.34746712205711616,0.9155,-0.012402946082435862,-0.0034999999999999476
fhd_normal,FED - FES,SDF–SSdF,Bonferroni,0.47875591849289223,0.992,S0_no_qc,0.4651951274883024,0.9925,0.013560791004589845,-5.00000000000056e-4
fhd_normal,FED - FES,SDF–SSdF,FDR,0.47875591849289223,0.994,S0_no_qc,0.4651951274883024,0.9965,0.013560791004589845,-0.0025000000000000577
fhd_normal,FED - FOD,SDF–DOF,Bonferroni,0.07899529644896075,0.032,S0_no_qc,0.09623569887374943,0.0485,-0.01724040242478868,-0.0165
fhd_normal,FED - FOD,SDF–DOF,FDR,0.07899529644896075,0.096,S0_no_qc,0.09623569887374943,0.14,-0.01724040242478868,-0.04400000000000001
fhd_normal,FED - FOM,SDF–MOF,Bonferroni,0.34344066059423983,0.91,S0_no_qc,0.3624153093992066,0.926,-0.018974648804966743,-0.016000000000000014
fhd_normal,FED - FOM,SDF–MOF,FDR,0.34344066059423983,0.97,S0_no_qc,0.3624153093992066,0.978,-0.018974648804966743,-0.008000000000000007
fhd_normal,FES - FOD,SSdF–DOF,Bonferroni,0.40368448414749136,0.93,S0_no_qc,0.3753672967455416,0.9025,0.028317187401949773,0.02750000000000008
fhd_normal,FES - FOD,SSdF–DOF,FDR,0.40368448414749136,0.976,S0_no_qc,0.3753672967455416,0.9555,0.028317187401949773,0.020499999999999963
fhd_normal,FES - FOM,SSdF–MOF,Bonferroni,0.13026186980245308,0.08,S0_no_qc,0.10443324384336733,0.0455,0.02582862595908575,0.0345
fhd_normal,FES - FOM,SSdF–MOF,FDR,0.13026186980245308,0.198,S0_no_qc,0.10443324384336733,0.14,0.02582862595908575,0.057999999999999996
fhd_normal,FOD - FOM,DOF–MOF,Bonferroni,0.27614826958428895,0.64,S0_no_qc,0.27072723216247985,0.5935,0.005421037421809105,0.046499999999999986
fhd_normal,FOD - FOM,DOF–MOF,FDR,0.27614826958428895,0.816,S0_no_qc,0.27072723216247985,0.777,0.005421037421809105,0.038999999999999924
pai,FED - FES,SDF–SSdF,Bonferroni,0.06802309040892122,0.008,S0_no_qc,0.06530505547504291,0.007,0.002718034933878316,0.001
pai,FED - FES,SDF–SSdF,FDR,0.06802309040892122,0.058,S0_no_qc,0.06530505547504291,0.027,0.002718034933878316,0.031000000000000003
pai,FED - FOD,SDF–DOF,Bonferroni,0.3620601705265134,0.88,S0_no_qc,0.3380315131930446,0.8635,0.024028657333468817,0.01649999999999996
pai,FED - FOD,SDF–DOF,FDR,0.3620601705265134,0.95,S0_no_qc,0.3380315131930446,0.9215,0.024028657333468817,0.02849999999999997
pai,FED - FOM,SDF–MOF,Bonferroni,0.05937888969217143,0.006,S0_no_qc,0.05490322931049988,0.0025,0.004475660381671548,0.0035
pai,FED - FOM,SDF–MOF,FDR,0.05937888969217143,0.022,S0_no_qc,0.05490322931049988,0.0125,0.004475660381671548,0.009499999999999998
pai,FES - FOD,SSdF–DOF,Bonferroni,0.40215512446564494,0.936,S0_no_qc,0.3605550676742469,0.857,0.041600056791398055,0.07900000000000007
pai,FES - FOD,SSdF–DOF,FDR,0.40215512446564494,0.96,S0_no_qc,0.3605550676742469,0.912,0.041600056791398055,0.04799999999999993
pai,FES - FOM,SSdF–MOF,Bonferroni,0.07241172253385873,0.036,S0_no_qc,0.0662005802201679,0.01,0.006211142313690826,0.025999999999999995
pai,FES - FOM,SSdF–MOF,FDR,0.07241172253385873,0.102,S0_no_qc,0.0662005802201679,0.0345,0.006211142313690826,0.06749999999999999
pai,FOD - FOM,DOF–MOF,Bonferroni,0.33353489635055966,0.828,S0_no_qc,0.34657061674689765,0.846,-0.01303572039633799,-0.018000000000000016
pai,FOD - FOM,DOF–MOF,FDR,0.33353489635055966,0.91,S0_no_qc,0.34657061674689765,0.913,-0.01303572039633799,-0.0030000000000000027
agbd,FED - FES,SDF–SSdF,Bonferroni,0.42138406180621046,0.975,S1_baseline,0.42138406180621046,0.975,0,0
agbd,FED - FES,SDF–SSdF,FDR,0.42138406180621046,0.995,S1_baseline,0.42138406180621046,0.995,0,0
agbd,FED - FOD,SDF–DOF,Bonferroni,0.06275617077408308,0.001,S1_baseline,0.06275617077408308,0.001,0,0
agbd,FED - FOD,SDF–DOF,FDR,0.06275617077408308,0.032,S1_baseline,0.06275617077408308,0.032,0,0
agbd,FED - FOM,SDF–MOF,Bonferroni,0.37033723321213174,0.9425,S1_baseline,0.37033723321213174,0.9425,0,0
agbd,FED - FOM,SDF–MOF,FDR,0.37033723321213174,0.987,S1_baseline,0.37033723321213174,0.987,0,0
agbd,FES - FOD,SSdF–DOF,Bonferroni,0.41270166394012103,0.953,S1_baseline,0.41270166394012103,0.953,0,0
agbd,FES - FOD,SSdF–DOF,FDR,0.41270166394012103,0.982,S1_baseline,0.41270166394012103,0.982,0,0
agbd,FES - FOM,SSdF–MOF,Bonferroni,0.06874954340341091,0.013,S1_baseline,0.06874954340341091,0.013,0,0
agbd,FES - FOM,SSdF–MOF,FDR,0.06874954340341091,0.05,S1_baseline,0.06874954340341091,0.05,0,0
agbd,FOD - FOM,DOF–MOF,Bonferroni,0.36055607824965663,0.8885,S1_baseline,0.36055607824965663,0.8885,0,0
agbd,FOD - FOM,DOF–MOF,FDR,0.36055607824965663,0.9635,S1_baseline,0.36055607824965663,0.9635,0,0
altura_dossel,FED - FES,SDF–SSdF,Bonferroni,0.48041868122876474,0.9965,S1_baseline,0.48041868122876474,0.9965,0,0
altura_dossel,FED - FES,SDF–SSdF,FDR,0.48041868122876474,0.9985,S1_baseline,0.48041868122876474,0.9985,0,0
altura_dossel,FED - FOD,SDF–DOF,Bonferroni,0.1203461123801075,0.079,S1_baseline,0.1203461123801075,0.079,0,0
altura_dossel,FED - FOD,SDF–DOF,FDR,0.1203461123801075,0.211,S1_baseline,0.1203461123801075,0.211,0,0
altura_dossel,FED - FOM,SDF–MOF,Bonferroni,0.3828061108861761,0.951,S1_baseline,0.3828061108861761,0.951,0,0
altura_dossel,FED - FOM,SDF–MOF,FDR,0.3828061108861761,0.9885,S1_baseline,0.3828061108861761,0.9885,0,0
altura_dossel,FES - FOD,SSdF–DOF,Bonferroni,0.3642756029796569,0.884,S1_baseline,0.3642756029796569,0.884,0,0
altura_dossel,FES - FOD,SSdF–DOF,FDR,0.3642756029796569,0.95,S1_baseline,0.3642756029796569,0.95,0,0
altura_dossel,FES - FOM,SSdF–MOF,Bonferroni,0.10036847401312013,0.0345,S1_baseline,0.10036847401312013,0.0345,0,0
altura_dossel,FES - FOM,SSdF–MOF,FDR,0.10036847401312013,0.1285,S1_baseline,0.10036847401312013,0.1285,0,0
altura_dossel,FOD - FOM,DOF–MOF,Bonferroni,0.26611181635441605,0.5705,S1_baseline,0.26611181635441605,0.5705,0,0
altura_dossel,FOD - FOM,DOF–MOF,FDR,0.26611181635441605,0.7695,S1_baseline,0.26611181635441605,0.7695,0,0
cover,FED - FES,SDF–SSdF,Bonferroni,0.06454768387932068,0.007,S1_baseline,0.06454768387932068,0.007,0,0
cover,FED - FES,SDF–SSdF,FDR,0.06454768387932068,0.0265,S1_baseline,0.06454768387932068,0.0265,0,0
cover,FED - FOD,SDF–DOF,Bonferroni,0.3374102638950317,0.858,S1_baseline,0.3374102638950317,0.858,0,0
cover,FED - FOD,SDF–DOF,FDR,0.3374102638950317,0.9245,S1_baseline,0.3374102638950317,0.9245,0,0
cover,FED - FOM,SDF–MOF,Bonferroni,0.05510971467877704,0.002,S1_baseline,0.05510971467877704,0.002,0,0
cover,FED - FOM,SDF–MOF,FDR,0.05510971467877704,0.0125,S1_baseline,0.05510971467877704,0.0125,0,0
cover,FES - FOD,SSdF–DOF,Bonferroni,0.36000512408941904,0.8545,S1_baseline,0.36000512408941904,0.8545,0,0
cover,FES - FOD,SSdF–DOF,FDR,0.36000512408941904,0.9135,S1_baseline,0.36000512408941904,0.9135,0,0
cover,FES - FOM,SSdF–MOF,Bonferroni,0.06537382049126629,0.01,S1_baseline,0.06537382049126629,0.01,0,0
cover,FES - FOM,SSdF–MOF,FDR,0.06537382049126629,0.035,S1_baseline,0.06537382049126629,0.035,0,0
cover,FOD - FOM,DOF–MOF,Bonferroni,0.34746712205711616,0.853,S1_baseline,0.34746712205711616,0.853,0,0
cover,FOD - FOM,DOF–MOF,FDR,0.34746712205711616,0.9155,S1_baseline,0.34746712205711616,0.9155,0,0
fhd_normal,FED - FES,SDF–SSdF,Bonferroni,0.4651951274883024,0.9925,S1_baseline,0.4651951274883024,0.9925,0,0
fhd_normal,FED - FES,SDF–SSdF,FDR,0.4651951274883024,0.9965,S1_baseline,0.4651951274883024,0.9965,0,0
fhd_normal,FED - FOD,SDF–DOF,Bonferroni,0.09623569887374943,0.0485,S1_baseline,0.09623569887374943,0.0485,0,0
fhd_normal,FED - FOD,SDF–DOF,FDR,0.09623569887374943,0.14,S1_baseline,0.09623569887374943,0.14,0,0
fhd_normal,FED - FOM,SDF–MOF,Bonferroni,0.3624153093992066,0.926,S1_baseline,0.3624153093992066,0.926,0,0
fhd_normal,FED - FOM,SDF–MOF,FDR,0.3624153093992066,0.978,S1_baseline,0.3624153093992066,0.978,0,0
fhd_normal,FES - FOD,SSdF–DOF,Bonferroni,0.3753672967455416,0.9025,S1_baseline,0.3753672967455416,0.9025,0,0
fhd_normal,FES - FOD,SSdF–DOF,FDR,0.3753672967455416,0.9555,S1_baseline,0.3753672967455416,0.9555,0,0
fhd_normal,FES - FOM,SSdF–MOF,Bonferroni,0.10443324384336733,0.0455,S1_baseline,0.10443324384336733,0.0455,0,0
fhd_normal,FES - FOM,SSdF–MOF,FDR,0.10443324384336733,0.14,S1_baseline,0.10443324384336733,0.14,0,0
fhd_normal,FOD - FOM,DOF–MOF,Bonferroni,0.27072723216247985,0.5935,S1_baseline,0.27072723216247985,0.5935,0,0
fhd_normal,FOD - FOM,DOF–MOF,FDR,0.27072723216247985,0.777,S1_baseline,0.27072723216247985,0.777,0,0
pai,FED - FES,SDF–SSdF,Bonferroni,0.06530505547504291,0.007,S1_baseline,0.06530505547504291,0.007,0,0
pai,FED - FES,SDF–SSdF,FDR,0.06530505547504291,0.027,S1_baseline,0.06530505547504291,0.027,0,0
pai,FED - FOD,SDF–DOF,Bonferroni,0.3380315131930446,0.8635,S1_baseline,0.3380315131930446,0.8635,0,0
pai,FED - FOD,SDF–DOF,FDR,0.3380315131930446,0.9215,S1_baseline,0.3380315131930446,0.9215,0,0
pai,FED - FOM,SDF–MOF,Bonferroni,0.05490322931049988,0.0025,S1_baseline,0.05490322931049988,0.0025,0,0
pai,FED - FOM,SDF–MOF,FDR,0.05490322931049988,0.0125,S1_baseline,0.05490322931049988,0.0125,0,0
pai,FES - FOD,SSdF–DOF,Bonferroni,0.3605550676742469,0.857,S1_baseline,0.3605550676742469,0.857,0,0
pai,FES - FOD,SSdF–DOF,FDR,0.3605550676742469,0.912,S1_baseline,0.3605550676742469,0.912,0,0
pai,FES - FOM,SSdF–MOF,Bonferroni,0.0662005802201679,0.01,S1_baseline,0.0662005802201679,0.01,0,0
pai,FES - FOM,SSdF–MOF,FDR,0.0662005802201679,0.0345,S1_baseline,0.0662005802201679,0.0345,0,0
pai,FOD - FOM,DOF–MOF,Bonferroni,0.34657061674689765,0.846,S1_baseline,0.34657061674689765,0.846,0,0
pai,FOD - FOM,DOF–MOF,FDR,0.34657061674689765,0.913,S1_baseline,0.34657061674689765,0.913,0,0
agbd,FED - FES,SDF–SSdF,Bonferroni,0.421035578995979,0.978,S_sens080,0.42138406180621046,0.975,-3.484828102314763e-4,0.0030000000000000027
agbd,FED - FES,SDF–SSdF,FDR,0.421035578995979,1,S_sens080,0.42138406180621046,0.995,-3.484828102314763e-4,0.0050000000000000044
agbd,FED - FOD,SDF–DOF,Bonferroni,0.06723394164533815,0.002,S_sens080,0.06275617077408308,0.001,0.004477770871255074,0.001
agbd,FED - FOD,SDF–DOF,FDR,0.06723394164533815,0.036,S_sens080,0.06275617077408308,0.032,0.004477770871255074,0.003999999999999997
agbd,FED - FOM,SDF–MOF,Bonferroni,0.3673101701793352,0.936,S_sens080,0.37033723321213174,0.9425,-0.0030270630327965398,-0.00649999999999995
agbd,FED - FOM,SDF–MOF,FDR,0.3673101701793352,0.994,S_sens080,0.37033723321213174,0.987,-0.0030270630327965398,0.007000000000000006
agbd,FES - FOD,SSdF–DOF,Bonferroni,0.42400200853647874,0.968,S_sens080,0.41270166394012103,0.953,0.011300344596357703,0.015000000000000013
agbd,FES - FOD,SSdF–DOF,FDR,0.42400200853647874,0.984,S_sens080,0.41270166394012103,0.982,0.011300344596357703,0.0020000000000000018
agbd,FES - FOM,SSdF–MOF,Bonferroni,0.06998949640845957,0.01,S_sens080,0.06874954340341091,0.013,0.001239953005048658,-0.002999999999999999
agbd,FES - FOM,SSdF–MOF,FDR,0.06998949640845957,0.056,S_sens080,0.06874954340341091,0.05,0.001239953005048658,0.005999999999999998
agbd,FOD - FOM,DOF–MOF,Bonferroni,0.3662735764243248,0.904,S_sens080,0.36055607824965663,0.8885,0.005717498174668156,0.01550000000000007
agbd,FOD - FOM,DOF–MOF,FDR,0.3662735764243248,0.966,S_sens080,0.36055607824965663,0.9635,0.005717498174668156,0.0024999999999999467
altura_dossel,FED - FES,SDF–SSdF,Bonferroni,0.47800814266708036,1,S_sens080,0.48041868122876474,0.9965,-0.0024105385616843833,0.0034999999999999476
altura_dossel,FED - FES,SDF–SSdF,FDR,0.47800814266708036,1,S_sens080,0.48041868122876474,0.9985,-0.0024105385616843833,0.0014999999999999458
altura_dossel,FED - FOD,SDF–DOF,Bonferroni,0.11366530466220684,0.09,S_sens080,0.1203461123801075,0.079,-0.006680807717900666,0.010999999999999996
altura_dossel,FED - FOD,SDF–DOF,FDR,0.11366530466220684,0.216,S_sens080,0.1203461123801075,0.211,-0.006680807717900666,0.0050000000000000044
altura_dossel,FED - FOM,SDF–MOF,Bonferroni,0.38349616017949806,0.96,S_sens080,0.3828061108861761,0.951,6.900492933219482e-4,0.009000000000000008
altura_dossel,FED - FOM,SDF–MOF,FDR,0.38349616017949806,0.994,S_sens080,0.3828061108861761,0.9885,6.900492933219482e-4,0.005499999999999949
altura_dossel,FES - FOD,SSdF–DOF,Bonferroni,0.3751596831980166,0.892,S_sens080,0.3642756029796569,0.884,0.010884080218359737,0.008000000000000007
altura_dossel,FES - FOD,SSdF–DOF,FDR,0.3751596831980166,0.958,S_sens080,0.3642756029796569,0.95,0.010884080218359737,0.008000000000000007
altura_dossel,FES - FOM,SSdF–MOF,Bonferroni,0.10092010935710842,0.024,S_sens080,0.10036847401312013,0.0345,5.51635343988291e-4,-0.010500000000000002
altura_dossel,FES - FOM,SSdF–MOF,FDR,0.10092010935710842,0.124,S_sens080,0.10036847401312013,0.1285,5.51635343988291e-4,-0.004500000000000004
altura_dossel,FOD - FOM,DOF–MOF,Bonferroni,0.2752733928368952,0.6,S_sens080,0.26611181635441605,0.5705,0.009161576482479172,0.02949999999999997
altura_dossel,FOD - FOM,DOF–MOF,FDR,0.2752733928368952,0.79,S_sens080,0.26611181635441605,0.7695,0.009161576482479172,0.020500000000000074
cover,FED - FES,SDF–SSdF,Bonferroni,0.060207186500352707,0.008,S_sens080,0.06454768387932068,0.007,-0.004340497378967974,0.001
cover,FED - FES,SDF–SSdF,FDR,0.060207186500352707,0.03,S_sens080,0.06454768387932068,0.0265,-0.004340497378967974,0.0034999999999999996
cover,FED - FOD,SDF–DOF,Bonferroni,0.34243904084893084,0.868,S_sens080,0.3374102638950317,0.858,0.005028776953899139,0.010000000000000009
cover,FED - FOD,SDF–DOF,FDR,0.34243904084893084,0.926,S_sens080,0.3374102638950317,0.9245,0.005028776953899139,0.0015000000000000568
cover,FED - FOM,SDF–MOF,Bonferroni,0.053249925162986426,0.002,S_sens080,0.05510971467877704,0.002,-0.0018597895157906122,0
cover,FED - FOM,SDF–MOF,FDR,0.053249925162986426,0.018,S_sens080,0.05510971467877704,0.0125,-0.0018597895157906122,0.005499999999999998
cover,FES - FOD,SSdF–DOF,Bonferroni,0.37040686269365,0.864,S_sens080,0.36000512408941904,0.8545,0.010401738604230937,0.009499999999999953
cover,FES - FOD,SSdF–DOF,FDR,0.37040686269365,0.926,S_sens080,0.36000512408941904,0.9135,0.010401738604230937,0.012500000000000067
cover,FES - FOM,SSdF–MOF,Bonferroni,0.06261883928742945,0.008,S_sens080,0.06537382049126629,0.01,-0.00275498120383684,-0.002
cover,FES - FOM,SSdF–MOF,FDR,0.06261883928742945,0.036,S_sens080,0.06537382049126629,0.035,-0.00275498120383684,9.99999999999994e-4
cover,FOD - FOM,DOF–MOF,Bonferroni,0.35841937635866783,0.848,S_sens080,0.34746712205711616,0.853,0.010952254301551667,-0.0050000000000000044
cover,FOD - FOM,DOF–MOF,FDR,0.35841937635866783,0.912,S_sens080,0.34746712205711616,0.9155,0.010952254301551667,-0.0034999999999999476
fhd_normal,FED - FES,SDF–SSdF,Bonferroni,0.4645053255618114,0.998,S_sens080,0.4651951274883024,0.9925,-6.898019264909849e-4,0.005499999999999949
fhd_normal,FED - FES,SDF–SSdF,FDR,0.4645053255618114,1,S_sens080,0.4651951274883024,0.9965,-6.898019264909849e-4,0.0034999999999999476
fhd_normal,FED - FOD,SDF–DOF,Bonferroni,0.09230891936267047,0.052,S_sens080,0.09623569887374943,0.0485,-0.003926779511078962,0.003499999999999996
fhd_normal,FED - FOD,SDF–DOF,FDR,0.09230891936267047,0.142,S_sens080,0.09623569887374943,0.14,-0.003926779511078962,0.001999999999999974
fhd_normal,FED - FOM,SDF–MOF,Bonferroni,0.36041820729470764,0.928,S_sens080,0.3624153093992066,0.926,-0.001997102104498938,0.0020000000000000018
fhd_normal,FED - FOM,SDF–MOF,FDR,0.36041820729470764,0.988,S_sens080,0.3624153093992066,0.978,-0.001997102104498938,0.010000000000000009
fhd_normal,FES - FOD,SSdF–DOF,Bonferroni,0.389213868612951,0.9,S_sens080,0.3753672967455416,0.9025,0.013846571867409396,-0.0024999999999999467
fhd_normal,FES - FOD,SSdF–DOF,FDR,0.389213868612951,0.96,S_sens080,0.3753672967455416,0.9555,0.013846571867409396,0.0044999999999999485
fhd_normal,FES - FOM,SSdF–MOF,Bonferroni,0.10753273033814742,0.038,S_sens080,0.10443324384336733,0.0455,0.0030994864947800904,-0.0075
fhd_normal,FES - FOM,SSdF–MOF,FDR,0.10753273033814742,0.136,S_sens080,0.10443324384336733,0.14,0.0030994864947800904,-0.0040000000000000036
fhd_normal,FOD - FOM,DOF–MOF,Bonferroni,0.2766505830664933,0.628,S_sens080,0.27072723216247985,0.5935,0.005923350904013469,0.034499999999999975
fhd_normal,FOD - FOM,DOF–MOF,FDR,0.2766505830664933,0.796,S_sens080,0.27072723216247985,0.777,0.005923350904013469,0.019000000000000017
pai,FED - FES,SDF–SSdF,Bonferroni,0.060758622088247644,0.008,S_sens080,0.06530505547504291,0.007,-0.004546433386795265,0.001
pai,FED - FES,SDF–SSdF,FDR,0.060758622088247644,0.028,S_sens080,0.06530505547504291,0.027,-0.004546433386795265,0.0010000000000000009
pai,FED - FOD,SDF–DOF,Bonferroni,0.34326532258515646,0.87,S_sens080,0.3380315131930446,0.8635,0.005233809392111877,0.00649999999999995
pai,FED - FOD,SDF–DOF,FDR,0.34326532258515646,0.924,S_sens080,0.3380315131930446,0.9215,0.005233809392111877,0.0025000000000000577
pai,FED - FOM,SDF–MOF,Bonferroni,0.052147476869325415,0.002,S_sens080,0.05490322931049988,0.0025,-0.0027557524411744652,-5e-4
pai,FED - FOM,SDF–MOF,FDR,0.052147476869325415,0.018,S_sens080,0.05490322931049988,0.0125,-0.0027557524411744652,0.005499999999999998
pai,FES - FOD,SSdF–DOF,Bonferroni,0.3704063178809037,0.874,S_sens080,0.3605550676742469,0.857,0.009851250206656836,0.017000000000000015
pai,FES - FOD,SSdF–DOF,FDR,0.3704063178809037,0.922,S_sens080,0.3605550676742469,0.912,0.009851250206656836,0.010000000000000009
pai,FES - FOM,SSdF–MOF,Bonferroni,0.06399643816917727,0.008,S_sens080,0.0662005802201679,0.01,-0.0022041420509906345,-0.002
pai,FES - FOM,SSdF–MOF,FDR,0.06399643816917727,0.032,S_sens080,0.0662005802201679,0.0345,-0.0022041420509906345,-0.0025000000000000022
pai,FOD - FOM,DOF–MOF,Bonferroni,0.35525052359651144,0.842,S_sens080,0.34657061674689765,0.846,0.008679906849613783,-0.0040000000000000036
pai,FOD - FOM,DOF–MOF,FDR,0.35525052359651144,0.908,S_sens080,0.34657061674689765,0.913,0.008679906849613783,-0.0050000000000000044
agbd,FED - FES,SDF–SSdF,Bonferroni,0.421035578995979,0.978,S_sens090,0.42138406180621046,0.975,-3.484828102314763e-4,0.0030000000000000027
agbd,FED - FES,SDF–SSdF,FDR,0.421035578995979,1,S_sens090,0.42138406180621046,0.995,-3.484828102314763e-4,0.0050000000000000044
agbd,FED - FOD,SDF–DOF,Bonferroni,0.06723394164533815,0.002,S_sens090,0.06275617077408308,0.001,0.004477770871255074,0.001
agbd,FED - FOD,SDF–DOF,FDR,0.06723394164533815,0.036,S_sens090,0.06275617077408308,0.032,0.004477770871255074,0.003999999999999997
agbd,FED - FOM,SDF–MOF,Bonferroni,0.3673101701793352,0.936,S_sens090,0.37033723321213174,0.9425,-0.0030270630327965398,-0.00649999999999995
agbd,FED - FOM,SDF–MOF,FDR,0.3673101701793352,0.994,S_sens090,0.37033723321213174,0.987,-0.0030270630327965398,0.007000000000000006
agbd,FES - FOD,SSdF–DOF,Bonferroni,0.42400200853647874,0.968,S_sens090,0.41270166394012103,0.953,0.011300344596357703,0.015000000000000013
agbd,FES - FOD,SSdF–DOF,FDR,0.42400200853647874,0.984,S_sens090,0.41270166394012103,0.982,0.011300344596357703,0.0020000000000000018
agbd,FES - FOM,SSdF–MOF,Bonferroni,0.06998949640845957,0.01,S_sens090,0.06874954340341091,0.013,0.001239953005048658,-0.002999999999999999
agbd,FES - FOM,SSdF–MOF,FDR,0.06998949640845957,0.056,S_sens090,0.06874954340341091,0.05,0.001239953005048658,0.005999999999999998
agbd,FOD - FOM,DOF–MOF,Bonferroni,0.3662735764243248,0.904,S_sens090,0.36055607824965663,0.8885,0.005717498174668156,0.01550000000000007
agbd,FOD - FOM,DOF–MOF,FDR,0.3662735764243248,0.966,S_sens090,0.36055607824965663,0.9635,0.005717498174668156,0.0024999999999999467
altura_dossel,FED - FES,SDF–SSdF,Bonferroni,0.47800814266708036,1,S_sens090,0.48041868122876474,0.9965,-0.0024105385616843833,0.0034999999999999476
altura_dossel,FED - FES,SDF–SSdF,FDR,0.47800814266708036,1,S_sens090,0.48041868122876474,0.9985,-0.0024105385616843833,0.0014999999999999458
altura_dossel,FED - FOD,SDF–DOF,Bonferroni,0.11366530466220684,0.09,S_sens090,0.1203461123801075,0.079,-0.006680807717900666,0.010999999999999996
altura_dossel,FED - FOD,SDF–DOF,FDR,0.11366530466220684,0.216,S_sens090,0.1203461123801075,0.211,-0.006680807717900666,0.0050000000000000044
altura_dossel,FED - FOM,SDF–MOF,Bonferroni,0.38349616017949806,0.96,S_sens090,0.3828061108861761,0.951,6.900492933219482e-4,0.009000000000000008
altura_dossel,FED - FOM,SDF–MOF,FDR,0.38349616017949806,0.994,S_sens090,0.3828061108861761,0.9885,6.900492933219482e-4,0.005499999999999949
altura_dossel,FES - FOD,SSdF–DOF,Bonferroni,0.3751596831980166,0.892,S_sens090,0.3642756029796569,0.884,0.010884080218359737,0.008000000000000007
altura_dossel,FES - FOD,SSdF–DOF,FDR,0.3751596831980166,0.958,S_sens090,0.3642756029796569,0.95,0.010884080218359737,0.008000000000000007
altura_dossel,FES - FOM,SSdF–MOF,Bonferroni,0.10092010935710842,0.024,S_sens090,0.10036847401312013,0.0345,5.51635343988291e-4,-0.010500000000000002
altura_dossel,FES - FOM,SSdF–MOF,FDR,0.10092010935710842,0.124,S_sens090,0.10036847401312013,0.1285,5.51635343988291e-4,-0.004500000000000004
altura_dossel,FOD - FOM,DOF–MOF,Bonferroni,0.2752733928368952,0.6,S_sens090,0.26611181635441605,0.5705,0.009161576482479172,0.02949999999999997
altura_dossel,FOD - FOM,DOF–MOF,FDR,0.2752733928368952,0.79,S_sens090,0.26611181635441605,0.7695,0.009161576482479172,0.020500000000000074
cover,FED - FES,SDF–SSdF,Bonferroni,0.060207186500352707,0.008,S_sens090,0.06454768387932068,0.007,-0.004340497378967974,0.001
cover,FED - FES,SDF–SSdF,FDR,0.060207186500352707,0.03,S_sens090,0.06454768387932068,0.0265,-0.004340497378967974,0.0034999999999999996
cover,FED - FOD,SDF–DOF,Bonferroni,0.34243904084893084,0.868,S_sens090,0.3374102638950317,0.858,0.005028776953899139,0.010000000000000009
cover,FED - FOD,SDF–DOF,FDR,0.34243904084893084,0.926,S_sens090,0.3374102638950317,0.9245,0.005028776953899139,0.0015000000000000568
cover,FED - FOM,SDF–MOF,Bonferroni,0.053249925162986426,0.002,S_sens090,0.05510971467877704,0.002,-0.0018597895157906122,0
cover,FED - FOM,SDF–MOF,FDR,0.053249925162986426,0.018,S_sens090,0.05510971467877704,0.0125,-0.0018597895157906122,0.005499999999999998
cover,FES - FOD,SSdF–DOF,Bonferroni,0.37040686269365,0.864,S_sens090,0.36000512408941904,0.8545,0.010401738604230937,0.009499999999999953
cover,FES - FOD,SSdF–DOF,FDR,0.37040686269365,0.926,S_sens090,0.36000512408941904,0.9135,0.010401738604230937,0.012500000000000067
cover,FES - FOM,SSdF–MOF,Bonferroni,0.06261883928742945,0.008,S_sens090,0.06537382049126629,0.01,-0.00275498120383684,-0.002
cover,FES - FOM,SSdF–MOF,FDR,0.06261883928742945,0.036,S_sens090,0.06537382049126629,0.035,-0.00275498120383684,9.99999999999994e-4
cover,FOD - FOM,DOF–MOF,Bonferroni,0.35841937635866783,0.848,S_sens090,0.34746712205711616,0.853,0.010952254301551667,-0.0050000000000000044
cover,FOD - FOM,DOF–MOF,FDR,0.35841937635866783,0.912,S_sens090,0.34746712205711616,0.9155,0.010952254301551667,-0.0034999999999999476
fhd_normal,FED - FES,SDF–SSdF,Bonferroni,0.4645053255618114,0.998,S_sens090,0.4651951274883024,0.9925,-6.898019264909849e-4,0.005499999999999949
fhd_normal,FED - FES,SDF–SSdF,FDR,0.4645053255618114,1,S_sens090,0.4651951274883024,0.9965,-6.898019264909849e-4,0.0034999999999999476
fhd_normal,FED - FOD,SDF–DOF,Bonferroni,0.09230891936267047,0.052,S_sens090,0.09623569887374943,0.0485,-0.003926779511078962,0.003499999999999996
fhd_normal,FED - FOD,SDF–DOF,FDR,0.09230891936267047,0.142,S_sens090,0.09623569887374943,0.14,-0.003926779511078962,0.001999999999999974
fhd_normal,FED - FOM,SDF–MOF,Bonferroni,0.36041820729470764,0.928,S_sens090,0.3624153093992066,0.926,-0.001997102104498938,0.0020000000000000018
fhd_normal,FED - FOM,SDF–MOF,FDR,0.36041820729470764,0.988,S_sens090,0.3624153093992066,0.978,-0.001997102104498938,0.010000000000000009
fhd_normal,FES - FOD,SSdF–DOF,Bonferroni,0.389213868612951,0.9,S_sens090,0.3753672967455416,0.9025,0.013846571867409396,-0.0024999999999999467
fhd_normal,FES - FOD,SSdF–DOF,FDR,0.389213868612951,0.96,S_sens090,0.3753672967455416,0.9555,0.013846571867409396,0.0044999999999999485
fhd_normal,FES - FOM,SSdF–MOF,Bonferroni,0.10753273033814742,0.038,S_sens090,0.10443324384336733,0.0455,0.0030994864947800904,-0.0075
fhd_normal,FES - FOM,SSdF–MOF,FDR,0.10753273033814742,0.136,S_sens090,0.10443324384336733,0.14,0.0030994864947800904,-0.0040000000000000036
fhd_normal,FOD - FOM,DOF–MOF,Bonferroni,0.2766505830664933,0.628,S_sens090,0.27072723216247985,0.5935,0.005923350904013469,0.034499999999999975
fhd_normal,FOD - FOM,DOF–MOF,FDR,0.2766505830664933,0.796,S_sens090,0.27072723216247985,0.777,0.005923350904013469,0.019000000000000017
pai,FED - FES,SDF–SSdF,Bonferroni,0.060758622088247644,0.008,S_sens090,0.06530505547504291,0.007,-0.004546433386795265,0.001
pai,FED - FES,SDF–SSdF,FDR,0.060758622088247644,0.028,S_sens090,0.06530505547504291,0.027,-0.004546433386795265,0.0010000000000000009
pai,FED - FOD,SDF–DOF,Bonferroni,0.34326532258515646,0.87,S_sens090,0.3380315131930446,0.8635,0.005233809392111877,0.00649999999999995
pai,FED - FOD,SDF–DOF,FDR,0.34326532258515646,0.924,S_sens090,0.3380315131930446,0.9215,0.005233809392111877,0.0025000000000000577
pai,FED - FOM,SDF–MOF,Bonferroni,0.052147476869325415,0.002,S_sens090,0.05490322931049988,0.0025,-0.0027557524411744652,-5e-4
pai,FED - FOM,SDF–MOF,FDR,0.052147476869325415,0.018,S_sens090,0.05490322931049988,0.0125,-0.0027557524411744652,0.005499999999999998
pai,FES - FOD,SSdF–DOF,Bonferroni,0.3704063178809037,0.874,S_sens090,0.3605550676742469,0.857,0.009851250206656836,0.017000000000000015
pai,FES - FOD,SSdF–DOF,FDR,0.3704063178809037,0.922,S_sens090,0.3605550676742469,0.912,0.009851250206656836,0.010000000000000009
pai,FES - FOM,SSdF–MOF,Bonferroni,0.06399643816917727,0.008,S_sens090,0.0662005802201679,0.01,-0.0022041420509906345,-0.002
pai,FES - FOM,SSdF–MOF,FDR,0.06399643816917727,0.032,S_sens090,0.0662005802201679,0.0345,-0.0022041420509906345,-0.0025000000000000022
pai,FOD - FOM,DOF–MOF,Bonferroni,0.35525052359651144,0.842,S_sens090,0.34657061674689765,0.846,0.008679906849613783,-0.0040000000000000036
pai,FOD - FOM,DOF–MOF,FDR,0.35525052359651144,0.908,S_sens090,0.34657061674689765,0.913,0.008679906849613783,-0.0050000000000000044
agbd,FED - FES,SDF–SSdF,Bonferroni,0.41132743856558057,0.974,S_sens095,0.42138406180621046,0.975,-0.010056623240629892,-0.0010000000000000009
agbd,FED - FES,SDF–SSdF,FDR,0.41132743856558057,0.998,S_sens095,0.42138406180621046,0.995,-0.010056623240629892,0.0030000000000000027
agbd,FED - FOD,SDF–DOF,Bonferroni,0.06606336031748795,0.004,S_sens095,0.06275617077408308,0.001,0.0033071895434048787,0.003
agbd,FED - FOD,SDF–DOF,FDR,0.06606336031748795,0.052,S_sens095,0.06275617077408308,0.032,0.0033071895434048787,0.019999999999999997
agbd,FED - FOM,SDF–MOF,Bonferroni,0.362002566168496,0.936,S_sens095,0.37033723321213174,0.9425,-0.008334667043635724,-0.00649999999999995
agbd,FED - FOM,SDF–MOF,FDR,0.362002566168496,0.992,S_sens095,0.37033723321213174,0.987,-0.008334667043635724,0.0050000000000000044
agbd,FES - FOD,SSdF–DOF,Bonferroni,0.443359902708382,0.98,S_sens095,0.41270166394012103,0.953,0.03065823876826096,0.027000000000000024
agbd,FES - FOD,SSdF–DOF,FDR,0.443359902708382,0.988,S_sens095,0.41270166394012103,0.982,0.03065823876826096,0.006000000000000005
agbd,FES - FOM,SSdF–MOF,Bonferroni,0.06764726568130504,0.01,S_sens095,0.06874954340341091,0.013,-0.0011022777221058738,-0.002999999999999999
agbd,FES - FOM,SSdF–MOF,FDR,0.06764726568130504,0.042,S_sens095,0.06874954340341091,0.05,-0.0011022777221058738,-0.008
agbd,FOD - FOM,DOF–MOF,Bonferroni,0.39134739119719814,0.936,S_sens095,0.36055607824965663,0.8885,0.030791312947541505,0.0475000000000001
agbd,FOD - FOM,DOF–MOF,FDR,0.39134739119719814,0.976,S_sens095,0.36055607824965663,0.9635,0.030791312947541505,0.012499999999999956
altura_dossel,FED - FES,SDF–SSdF,Bonferroni,0.47669992254471294,1,S_sens095,0.48041868122876474,0.9965,-0.003718758684051804,0.0034999999999999476
altura_dossel,FED - FES,SDF–SSdF,FDR,0.47669992254471294,1,S_sens095,0.48041868122876474,0.9985,-0.003718758684051804,0.0014999999999999458
altura_dossel,FED - FOD,SDF–DOF,Bonferroni,0.10250423446987035,0.07,S_sens095,0.1203461123801075,0.079,-0.017841877910237156,-0.008999999999999994
altura_dossel,FED - FOD,SDF–DOF,FDR,0.10250423446987035,0.152,S_sens095,0.1203461123801075,0.211,-0.017841877910237156,-0.059
altura_dossel,FED - FOM,SDF–MOF,Bonferroni,0.3894193849760893,0.97,S_sens095,0.3828061108861761,0.951,0.00661327408991319,0.019000000000000017
altura_dossel,FED - FOM,SDF–MOF,FDR,0.3894193849760893,0.994,S_sens095,0.3828061108861761,0.9885,0.00661327408991319,0.005499999999999949
altura_dossel,FES - FOD,SSdF–DOF,Bonferroni,0.38597430254030896,0.916,S_sens095,0.3642756029796569,0.884,0.02169869956065207,0.03200000000000003
altura_dossel,FES - FOD,SSdF–DOF,FDR,0.38597430254030896,0.962,S_sens095,0.3642756029796569,0.95,0.02169869956065207,0.01200000000000001
altura_dossel,FES - FOM,SSdF–MOF,Bonferroni,0.09038017309201352,0.02,S_sens095,0.10036847401312013,0.0345,-0.009988300921106613,-0.014500000000000002
altura_dossel,FES - FOM,SSdF–MOF,FDR,0.09038017309201352,0.118,S_sens095,0.10036847401312013,0.1285,-0.009988300921106613,-0.01050000000000001
altura_dossel,FOD - FOM,DOF–MOF,Bonferroni,0.29552493777389605,0.678,S_sens095,0.26611181635441605,0.5705,0.029413121419479993,0.10750000000000004
altura_dossel,FOD - FOM,DOF–MOF,FDR,0.29552493777389605,0.822,S_sens095,0.26611181635441605,0.7695,0.029413121419479993,0.05249999999999999
cover,FED - FES,SDF–SSdF,Bonferroni,0.06592513682936971,0.01,S_sens095,0.06454768387932068,0.007,0.0013774529500490268,0.003
cover,FED - FES,SDF–SSdF,FDR,0.06592513682936971,0.056,S_sens095,0.06454768387932068,0.0265,0.0013774529500490268,0.029500000000000002
cover,FED - FOD,SDF–DOF,Bonferroni,0.30778915298388265,0.748,S_sens095,0.3374102638950317,0.858,-0.02962111091114905,-0.10999999999999999
cover,FED - FOD,SDF–DOF,FDR,0.30778915298388265,0.872,S_sens095,0.3374102638950317,0.9245,-0.02962111091114905,-0.05249999999999999
cover,FED - FOM,SDF–MOF,Bonferroni,0.06461623580627712,0.012,S_sens095,0.05510971467877704,0.002,0.009506521127500084,0.01
cover,FED - FOM,SDF–MOF,FDR,0.06461623580627712,0.03,S_sens095,0.05510971467877704,0.0125,0.009506521127500084,0.017499999999999998
cover,FES - FOD,SSdF–DOF,Bonferroni,0.36427759639378143,0.858,S_sens095,0.36000512408941904,0.8545,0.004272472304362396,0.0034999999999999476
cover,FES - FOD,SSdF–DOF,FDR,0.36427759639378143,0.912,S_sens095,0.36000512408941904,0.9135,0.004272472304362396,-0.0014999999999999458
cover,FES - FOM,SSdF–MOF,Bonferroni,0.061998561687067924,0.008,S_sens095,0.06537382049126629,0.01,-0.0033752588041983667,-0.002
cover,FES - FOM,SSdF–MOF,FDR,0.061998561687067924,0.028,S_sens095,0.06537382049126629,0.035,-0.0033752588041983667,-0.007000000000000003
cover,FOD - FOM,DOF–MOF,Bonferroni,0.36324336175386485,0.862,S_sens095,0.34746712205711616,0.853,0.015776239696748684,0.009000000000000008
cover,FOD - FOM,DOF–MOF,FDR,0.36324336175386485,0.912,S_sens095,0.34746712205711616,0.9155,0.015776239696748684,-0.0034999999999999476
fhd_normal,FED - FES,SDF–SSdF,Bonferroni,0.4587215083801688,0.996,S_sens095,0.4651951274883024,0.9925,-0.006473619108133599,0.0034999999999999476
fhd_normal,FED - FES,SDF–SSdF,FDR,0.4587215083801688,0.998,S_sens095,0.4651951274883024,0.9965,-0.006473619108133599,0.0014999999999999458
fhd_normal,FED - FOD,SDF–DOF,Bonferroni,0.08128664472058864,0.038,S_sens095,0.09623569887374943,0.0485,-0.014949054153160793,-0.010500000000000002
fhd_normal,FED - FOD,SDF–DOF,FDR,0.08128664472058864,0.094,S_sens095,0.09623569887374943,0.14,-0.014949054153160793,-0.04600000000000001
fhd_normal,FED - FOM,SDF–MOF,Bonferroni,0.35814688554809915,0.916,S_sens095,0.3624153093992066,0.926,-0.004268423851107428,-0.010000000000000009
fhd_normal,FED - FOM,SDF–MOF,FDR,0.35814688554809915,0.974,S_sens095,0.3624153093992066,0.978,-0.004268423851107428,-0.0040000000000000036
fhd_normal,FES - FOD,SSdF–DOF,Bonferroni,0.40044026952279854,0.91,S_sens095,0.3753672967455416,0.9025,0.025072972777256952,0.007500000000000062
fhd_normal,FES - FOD,SSdF–DOF,FDR,0.40044026952279854,0.97,S_sens095,0.3753672967455416,0.9555,0.025072972777256952,0.014499999999999957
fhd_normal,FES - FOM,SSdF–MOF,Bonferroni,0.10119578095087156,0.034,S_sens095,0.10443324384336733,0.0455,-0.0032374628924957682,-0.011499999999999996
fhd_normal,FES - FOM,SSdF–MOF,FDR,0.10119578095087156,0.126,S_sens095,0.10443324384336733,0.14,-0.0032374628924957682,-0.014000000000000012
fhd_normal,FOD - FOM,DOF–MOF,Bonferroni,0.2938040193757748,0.682,S_sens095,0.27072723216247985,0.5935,0.02307678721329498,0.08850000000000002
fhd_normal,FOD - FOM,DOF–MOF,FDR,0.2938040193757748,0.822,S_sens095,0.27072723216247985,0.777,0.02307678721329498,0.04499999999999993
pai,FED - FES,SDF–SSdF,Bonferroni,0.06564938627620909,0.012,S_sens095,0.06530505547504291,0.007,3.4433080116617887e-4,0.005
pai,FED - FES,SDF–SSdF,FDR,0.06564938627620909,0.052,S_sens095,0.06530505547504291,0.027,3.4433080116617887e-4,0.024999999999999998
pai,FED - FOD,SDF–DOF,Bonferroni,0.30950993525716464,0.754,S_sens095,0.3380315131930446,0.8635,-0.02852157793587995,-0.10950000000000004
pai,FED - FOD,SDF–DOF,FDR,0.30950993525716464,0.874,S_sens095,0.3380315131930446,0.9215,-0.02852157793587995,-0.04749999999999999
pai,FED - FOM,SDF–MOF,Bonferroni,0.06427193617334287,0.008,S_sens095,0.05490322931049988,0.0025,0.009368706862842989,0.0055
pai,FED - FOM,SDF–MOF,FDR,0.06427193617334287,0.03,S_sens095,0.05490322931049988,0.0125,0.009368706862842989,0.017499999999999998
pai,FES - FOD,SSdF–DOF,Bonferroni,0.36468878026123286,0.862,S_sens095,0.3605550676742469,0.857,0.0041337125869859714,0.0050000000000000044
pai,FES - FOD,SSdF–DOF,FDR,0.36468878026123286,0.898,S_sens095,0.3605550676742469,0.912,0.0041337125869859714,-0.014000000000000012
pai,FES - FOM,SSdF–MOF,Bonferroni,0.06282535983094167,0.008,S_sens095,0.0662005802201679,0.01,-0.003375220389226233,-0.002
pai,FES - FOM,SSdF–MOF,FDR,0.06282535983094167,0.028,S_sens095,0.0662005802201679,0.0345,-0.003375220389226233,-0.006500000000000002
pai,FOD - FOM,DOF–MOF,Bonferroni,0.3633121048285305,0.858,S_sens095,0.34657061674689765,0.846,0.016741488081632838,0.01200000000000001
pai,FOD - FOM,DOF–MOF,FDR,0.3633121048285305,0.906,S_sens095,0.34657061674689765,0.913,0.016741488081632838,-0.007000000000000006
agbd,FED - FES,SDF–SSdF,Bonferroni,0.3789387457927388,0.788,S_sens099,0.42138406180621046,0.975,-0.04244531601347168,-0.18699999999999994
agbd,FED - FES,SDF–SSdF,FDR,0.3789387457927388,0.904,S_sens099,0.42138406180621046,0.995,-0.04244531601347168,-0.09099999999999997
agbd,FED - FOD,SDF–DOF,Bonferroni,0.07676061382103587,0.008,S_sens099,0.06275617077408308,0.001,0.014004443046952794,0.007
agbd,FED - FOD,SDF–DOF,FDR,0.07676061382103587,0.04,S_sens099,0.06275617077408308,0.032,0.014004443046952794,0.008
agbd,FED - FOM,SDF–MOF,Bonferroni,0.41995192786701874,0.886,S_sens099,0.37033723321213174,0.9425,0.04961469465488699,-0.056499999999999995
agbd,FED - FOM,SDF–MOF,FDR,0.41995192786701874,0.958,S_sens099,0.37033723321213174,0.987,0.04961469465488699,-0.029000000000000026
agbd,FES - FOD,SSdF–DOF,Bonferroni,0.34886142755874117,0.698,S_sens099,0.41270166394012103,0.953,-0.06384023638137987,-0.255
agbd,FES - FOD,SSdF–DOF,FDR,0.34886142755874117,0.824,S_sens099,0.41270166394012103,0.982,-0.06384023638137987,-0.15800000000000003
agbd,FES - FOM,SSdF–MOF,Bonferroni,0.06880173873536866,0,S_sens099,0.06874954340341091,0.013,5.219533195774395e-5,-0.013
agbd,FES - FOM,SSdF–MOF,FDR,0.06880173873536866,0.01,S_sens099,0.06874954340341091,0.05,5.219533195774395e-5,-0.04
agbd,FOD - FOM,DOF–MOF,Bonferroni,0.380019909437474,0.82,S_sens099,0.36055607824965663,0.8885,0.01946383118781736,-0.0685
agbd,FOD - FOM,DOF–MOF,FDR,0.380019909437474,0.926,S_sens099,0.36055607824965663,0.9635,0.01946383118781736,-0.03749999999999998
altura_dossel,FED - FES,SDF–SSdF,Bonferroni,0.4022793861841244,0.858,S_sens099,0.48041868122876474,0.9965,-0.07813929504464034,-0.13850000000000007
altura_dossel,FED - FES,SDF–SSdF,FDR,0.4022793861841244,0.936,S_sens099,0.48041868122876474,0.9985,-0.07813929504464034,-0.0625
altura_dossel,FED - FOD,SDF–DOF,Bonferroni,0.07810880191590407,0.006,S_sens099,0.1203461123801075,0.079,-0.04223731046420344,-0.073
altura_dossel,FED - FOD,SDF–DOF,FDR,0.07810880191590407,0.032,S_sens099,0.1203461123801075,0.211,-0.04223731046420344,-0.179
altura_dossel,FED - FOM,SDF–MOF,Bonferroni,0.39445849903642116,0.856,S_sens099,0.3828061108861761,0.951,0.011652388150245052,-0.09499999999999997
altura_dossel,FED - FOM,SDF–MOF,FDR,0.39445849903642116,0.938,S_sens099,0.3828061108861761,0.9885,0.011652388150245052,-0.0505000000000001
altura_dossel,FES - FOD,SSdF–DOF,Bonferroni,0.36369912229254514,0.722,S_sens099,0.3642756029796569,0.884,-5.764806871117467e-4,-0.16200000000000003
altura_dossel,FES - FOD,SSdF–DOF,FDR,0.36369912229254514,0.836,S_sens099,0.3642756029796569,0.95,-5.764806871117467e-4,-0.11399999999999999
altura_dossel,FES - FOM,SSdF–MOF,Bonferroni,0.0685305423151091,0.004,S_sens099,0.10036847401312013,0.0345,-0.031837931698011024,-0.030500000000000003
altura_dossel,FES - FOM,SSdF–MOF,FDR,0.0685305423151091,0.018,S_sens099,0.10036847401312013,0.1285,-0.031837931698011024,-0.1105
altura_dossel,FOD - FOM,DOF–MOF,Bonferroni,0.3589735657117439,0.738,S_sens099,0.26611181635441605,0.5705,0.09286174935732783,0.16749999999999998
altura_dossel,FOD - FOM,DOF–MOF,FDR,0.3589735657117439,0.864,S_sens099,0.26611181635441605,0.7695,0.09286174935732783,0.09450000000000003
cover,FED - FES,SDF–SSdF,Bonferroni,0.16377133023176932,0.086,S_sens099,0.06454768387932068,0.007,0.09922364635244864,0.07899999999999999
cover,FED - FES,SDF–SSdF,FDR,0.16377133023176932,0.184,S_sens099,0.06454768387932068,0.0265,0.09922364635244864,0.1575
cover,FED - FOD,SDF–DOF,Bonferroni,0.19142509610915448,0.17,S_sens099,0.3374102638950317,0.858,-0.14598516778587722,-0.688
cover,FED - FOD,SDF–DOF,FDR,0.19142509610915448,0.278,S_sens099,0.3374102638950317,0.9245,-0.14598516778587722,-0.6465
cover,FED - FOM,SDF–MOF,Bonferroni,0.1258643499551969,0.046,S_sens099,0.05510971467877704,0.002,0.07075463527641987,0.044
cover,FED - FOM,SDF–MOF,FDR,0.1258643499551969,0.116,S_sens099,0.05510971467877704,0.0125,0.07075463527641987,0.10350000000000001
cover,FES - FOD,SSdF–DOF,Bonferroni,0.35897921212215933,0.714,S_sens099,0.36000512408941904,0.8545,-0.0010259119672597072,-0.14050000000000007
cover,FES - FOD,SSdF–DOF,FDR,0.35897921212215933,0.764,S_sens099,0.36000512408941904,0.9135,-0.0010259119672597072,-0.14949999999999997
cover,FES - FOM,SSdF–MOF,Bonferroni,0.07824295941285393,0.006,S_sens099,0.06537382049126629,0.01,0.012869138921587642,-0.004
cover,FES - FOM,SSdF–MOF,FDR,0.07824295941285393,0.02,S_sens099,0.06537382049126629,0.035,0.012869138921587642,-0.015000000000000003
cover,FOD - FOM,DOF–MOF,Bonferroni,0.316073186474782,0.568,S_sens099,0.34746712205711616,0.853,-0.031393935582334165,-0.28500000000000003
cover,FOD - FOM,DOF–MOF,FDR,0.316073186474782,0.664,S_sens099,0.34746712205711616,0.9155,-0.031393935582334165,-0.25149999999999995
fhd_normal,FED - FES,SDF–SSdF,Bonferroni,0.4043039591321014,0.864,S_sens099,0.4651951274883024,0.9925,-0.06089116835620101,-0.12850000000000006
fhd_normal,FED - FES,SDF–SSdF,FDR,0.4043039591321014,0.95,S_sens099,0.4651951274883024,0.9965,-0.06089116835620101,-0.0465000000000001
fhd_normal,FED - FOD,SDF–DOF,Bonferroni,0.0785149770424128,0.002,S_sens099,0.09623569887374943,0.0485,-0.017720721831336633,-0.0465
fhd_normal,FED - FOD,SDF–DOF,FDR,0.0785149770424128,0.028,S_sens099,0.09623569887374943,0.14,-0.017720721831336633,-0.11200000000000002
fhd_normal,FED - FOM,SDF–MOF,Bonferroni,0.3452142171894125,0.68,S_sens099,0.3624153093992066,0.926,-0.0172010922097941,-0.246
fhd_normal,FED - FOM,SDF–MOF,FDR,0.3452142171894125,0.836,S_sens099,0.3624153093992066,0.978,-0.0172010922097941,-0.14200000000000002
fhd_normal,FES - FOD,SSdF–DOF,Bonferroni,0.40039294737009246,0.816,S_sens099,0.3753672967455416,0.9025,0.025025650624550866,-0.08650000000000002
fhd_normal,FES - FOD,SSdF–DOF,FDR,0.40039294737009246,0.888,S_sens099,0.3753672967455416,0.9555,0.025025650624550866,-0.0675
fhd_normal,FES - FOM,SSdF–MOF,Bonferroni,0.0805379988638962,0.014,S_sens099,0.10443324384336733,0.0455,-0.023895244979471125,-0.0315
fhd_normal,FES - FOM,SSdF–MOF,FDR,0.0805379988638962,0.042,S_sens099,0.10443324384336733,0.14,-0.023895244979471125,-0.098
fhd_normal,FOD - FOM,DOF–MOF,Bonferroni,0.33617897250942796,0.65,S_sens099,0.27072723216247985,0.5935,0.06545174034694812,0.056499999999999995
fhd_normal,FOD - FOM,DOF–MOF,FDR,0.33617897250942796,0.8,S_sens099,0.27072723216247985,0.777,0.06545174034694812,0.02300000000000002
pai,FED - FES,SDF–SSdF,Bonferroni,0.17564278922645818,0.12,S_sens099,0.06530505547504291,0.007,0.11033773375141527,0.11299999999999999
pai,FED - FES,SDF–SSdF,FDR,0.17564278922645818,0.224,S_sens099,0.06530505547504291,0.027,0.11033773375141527,0.197
pai,FED - FOD,SDF–DOF,Bonferroni,0.16134367912838674,0.134,S_sens099,0.3380315131930446,0.8635,-0.17668783406465785,-0.7295
pai,FED - FOD,SDF–DOF,FDR,0.16134367912838674,0.22,S_sens099,0.3380315131930446,0.9215,-0.17668783406465785,-0.7015
pai,FED - FOM,SDF–MOF,Bonferroni,0.14110904251279577,0.076,S_sens099,0.05490322931049988,0.0025,0.0862058132022959,0.0735
pai,FED - FOM,SDF–MOF,FDR,0.14110904251279577,0.154,S_sens099,0.05490322931049988,0.0125,0.0862058132022959,0.1415
pai,FES - FOD,SSdF–DOF,Bonferroni,0.3442716693648894,0.682,S_sens099,0.3605550676742469,0.857,-0.01628339830935749,-0.17499999999999993
pai,FES - FOD,SSdF–DOF,FDR,0.3442716693648894,0.734,S_sens099,0.3605550676742469,0.912,-0.01628339830935749,-0.17800000000000005
pai,FES - FOM,SSdF–MOF,Bonferroni,0.07702980846544909,0.004,S_sens099,0.0662005802201679,0.01,0.01082922824528118,-0.006
pai,FES - FOM,SSdF–MOF,FDR,0.07702980846544909,0.018,S_sens099,0.0662005802201679,0.0345,0.01082922824528118,-0.016500000000000004
pai,FOD - FOM,DOF–MOF,Bonferroni,0.3078485063576717,0.554,S_sens099,0.34657061674689765,0.846,-0.03872211038922596,-0.2919999999999999
pai,FOD - FOM,DOF–MOF,FDR,0.3078485063576717,0.644,S_sens099,0.34657061674689765,0.913,-0.03872211038922596,-0.269
agbd,FED - FES,SDF–SSdF,Bonferroni,0.40898326785810013,0.932,S_strong_beams,0.42138406180621046,0.975,-0.012400793948110334,-0.04299999999999993
agbd,FED - FES,SDF–SSdF,FDR,0.40898326785810013,0.976,S_strong_beams,0.42138406180621046,0.995,-0.012400793948110334,-0.019000000000000017
agbd,FED - FOD,SDF–DOF,Bonferroni,0.05887130302528592,0.004,S_strong_beams,0.06275617077408308,0.001,-0.0038848677487971564,0.003
agbd,FED - FOD,SDF–DOF,FDR,0.05887130302528592,0.026,S_strong_beams,0.06275617077408308,0.032,-0.0038848677487971564,-0.006000000000000002
agbd,FED - FOM,SDF–MOF,Bonferroni,0.4267977597572642,0.984,S_strong_beams,0.37033723321213174,0.9425,0.05646052654513245,0.04149999999999998
agbd,FED - FOM,SDF–MOF,FDR,0.4267977597572642,0.998,S_strong_beams,0.37033723321213174,0.987,0.05646052654513245,0.01100000000000001
agbd,FES - FOD,SSdF–DOF,Bonferroni,0.39508462374972153,0.926,S_strong_beams,0.41270166394012103,0.953,-0.017617040190399502,-0.026999999999999913
agbd,FES - FOD,SSdF–DOF,FDR,0.39508462374972153,0.974,S_strong_beams,0.41270166394012103,0.982,-0.017617040190399502,-0.008000000000000007
agbd,FES - FOM,SSdF–MOF,Bonferroni,0.06014888606340057,0.004,S_strong_beams,0.06874954340341091,0.013,-0.008600657340010344,-0.009
agbd,FES - FOM,SSdF–MOF,FDR,0.06014888606340057,0.028,S_strong_beams,0.06874954340341091,0.05,-0.008600657340010344,-0.022000000000000002
agbd,FOD - FOM,DOF–MOF,Bonferroni,0.4184871211274176,0.978,S_strong_beams,0.36055607824965663,0.8885,0.05793104287776096,0.08950000000000002
agbd,FOD - FOM,DOF–MOF,FDR,0.4184871211274176,0.998,S_strong_beams,0.36055607824965663,0.9635,0.05793104287776096,0.034499999999999975
altura_dossel,FED - FES,SDF–SSdF,Bonferroni,0.4128187952354358,0.942,S_strong_beams,0.48041868122876474,0.9965,-0.06759988599332895,-0.054500000000000104
altura_dossel,FED - FES,SDF–SSdF,FDR,0.4128187952354358,0.974,S_strong_beams,0.48041868122876474,0.9985,-0.06759988599332895,-0.024500000000000077
altura_dossel,FED - FOD,SDF–DOF,Bonferroni,0.06989482278886053,0.002,S_strong_beams,0.1203461123801075,0.079,-0.05045128959124698,-0.077
altura_dossel,FED - FOD,SDF–DOF,FDR,0.06989482278886053,0.046,S_strong_beams,0.1203461123801075,0.211,-0.05045128959124698,-0.16499999999999998
altura_dossel,FED - FOM,SDF–MOF,Bonferroni,0.38190518577427107,0.96,S_strong_beams,0.3828061108861761,0.951,-9.009251119050377e-4,0.009000000000000008
altura_dossel,FED - FOM,SDF–MOF,FDR,0.38190518577427107,0.982,S_strong_beams,0.3828061108861761,0.9885,-9.009251119050377e-4,-0.006500000000000061
altura_dossel,FES - FOD,SSdF–DOF,Bonferroni,0.3653686734877204,0.89,S_strong_beams,0.3642756029796569,0.884,0.0010930705080635095,0.006000000000000005
altura_dossel,FES - FOD,SSdF–DOF,FDR,0.3653686734877204,0.944,S_strong_beams,0.3642756029796569,0.95,0.0010930705080635095,-0.006000000000000005
altura_dossel,FES - FOM,SSdF–MOF,Bonferroni,0.06494228404583227,0.004,S_strong_beams,0.10036847401312013,0.0345,-0.03542618996728786,-0.030500000000000003
altura_dossel,FES - FOM,SSdF–MOF,FDR,0.06494228404583227,0.026,S_strong_beams,0.10036847401312013,0.1285,-0.03542618996728786,-0.10250000000000001
altura_dossel,FOD - FOM,DOF–MOF,Bonferroni,0.34524129164452066,0.854,S_strong_beams,0.26611181635441605,0.5705,0.07912947529010461,0.2835
altura_dossel,FOD - FOM,DOF–MOF,FDR,0.34524129164452066,0.94,S_strong_beams,0.26611181635441605,0.7695,0.07912947529010461,0.17049999999999998
cover,FED - FES,SDF–SSdF,Bonferroni,0.07436822782009025,0.01,S_strong_beams,0.06454768387932068,0.007,0.009820543940769574,0.003
cover,FED - FES,SDF–SSdF,FDR,0.07436822782009025,0.044,S_strong_beams,0.06454768387932068,0.0265,0.009820543940769574,0.017499999999999998
cover,FED - FOD,SDF–DOF,Bonferroni,0.345800566486123,0.85,S_strong_beams,0.3374102638950317,0.858,0.008390302591091303,-0.008000000000000007
cover,FED - FOD,SDF–DOF,FDR,0.345800566486123,0.924,S_strong_beams,0.3374102638950317,0.9245,0.008390302591091303,-4.999999999999449e-4
cover,FED - FOM,SDF–MOF,Bonferroni,0.06797749274821611,0.008,S_strong_beams,0.05510971467877704,0.002,0.012867778069439076,0.006
cover,FED - FOM,SDF–MOF,FDR,0.06797749274821611,0.042,S_strong_beams,0.05510971467877704,0.0125,0.012867778069439076,0.029500000000000002
cover,FES - FOD,SSdF–DOF,Bonferroni,0.37351749901832226,0.874,S_strong_beams,0.36000512408941904,0.8545,0.013512374928903226,0.019499999999999962
cover,FES - FOD,SSdF–DOF,FDR,0.37351749901832226,0.928,S_strong_beams,0.36000512408941904,0.9135,0.013512374928903226,0.014500000000000068
cover,FES - FOM,SSdF–MOF,Bonferroni,0.06869622669037151,0.016,S_strong_beams,0.06537382049126629,0.01,0.0033224061991052184,0.006
cover,FES - FOM,SSdF–MOF,FDR,0.06869622669037151,0.044,S_strong_beams,0.06537382049126629,0.035,0.0033224061991052184,0.008999999999999994
cover,FOD - FOM,DOF–MOF,Bonferroni,0.40387373695255135,0.962,S_strong_beams,0.34746712205711616,0.853,0.05640661489543519,0.10899999999999999
cover,FOD - FOM,DOF–MOF,FDR,0.40387373695255135,0.976,S_strong_beams,0.34746712205711616,0.9155,0.05640661489543519,0.0605
fhd_normal,FED - FES,SDF–SSdF,Bonferroni,0.41793326177592144,0.962,S_strong_beams,0.4651951274883024,0.9925,-0.047261865712380946,-0.030500000000000083
fhd_normal,FED - FES,SDF–SSdF,FDR,0.41793326177592144,0.982,S_strong_beams,0.4651951274883024,0.9965,-0.047261865712380946,-0.014500000000000068
fhd_normal,FED - FOD,SDF–DOF,Bonferroni,0.06765806413608297,0.004,S_strong_beams,0.09623569887374943,0.0485,-0.02857763473766646,-0.0445
fhd_normal,FED - FOD,SDF–DOF,FDR,0.06765806413608297,0.032,S_strong_beams,0.09623569887374943,0.14,-0.02857763473766646,-0.10800000000000001
fhd_normal,FED - FOM,SDF–MOF,Bonferroni,0.37815058489224823,0.944,S_strong_beams,0.3624153093992066,0.926,0.015735275493041656,0.017999999999999905
fhd_normal,FED - FOM,SDF–MOF,FDR,0.37815058489224823,0.988,S_strong_beams,0.3624153093992066,0.978,0.015735275493041656,0.010000000000000009
fhd_normal,FES - FOD,SSdF–DOF,Bonferroni,0.3979604226561744,0.906,S_strong_beams,0.3753672967455416,0.9025,0.022593125910632783,0.0035000000000000586
fhd_normal,FES - FOD,SSdF–DOF,FDR,0.3979604226561744,0.96,S_strong_beams,0.3753672967455416,0.9555,0.022593125910632783,0.0044999999999999485
fhd_normal,FES - FOM,SSdF–MOF,Bonferroni,0.06717873059057769,0.008,S_strong_beams,0.10443324384336733,0.0455,-0.03725451325278964,-0.0375
fhd_normal,FES - FOM,SSdF–MOF,FDR,0.06717873059057769,0.034,S_strong_beams,0.10443324384336733,0.14,-0.03725451325278964,-0.10600000000000001
fhd_normal,FOD - FOM,DOF–MOF,Bonferroni,0.3561824147716113,0.88,S_strong_beams,0.27072723216247985,0.5935,0.08545518260913143,0.2865
fhd_normal,FOD - FOM,DOF–MOF,FDR,0.3561824147716113,0.962,S_strong_beams,0.27072723216247985,0.777,0.08545518260913143,0.18499999999999994
pai,FED - FES,SDF–SSdF,Bonferroni,0.07197169782231072,0.01,S_strong_beams,0.06530505547504291,0.007,0.006666642347267812,0.003
pai,FED - FES,SDF–SSdF,FDR,0.07197169782231072,0.042,S_strong_beams,0.06530505547504291,0.027,0.006666642347267812,0.015000000000000003
pai,FED - FOD,SDF–DOF,Bonferroni,0.34540272140707984,0.846,S_strong_beams,0.3380315131930446,0.8635,0.007371208214035252,-0.01750000000000007
pai,FED - FOD,SDF–DOF,FDR,0.34540272140707984,0.914,S_strong_beams,0.3380315131930446,0.9215,0.007371208214035252,-0.007499999999999951
pai,FED - FOM,SDF–MOF,Bonferroni,0.06765798586127836,0.008,S_strong_beams,0.05490322931049988,0.0025,0.012754756550778477,0.0055
pai,FED - FOM,SDF–MOF,FDR,0.06765798586127836,0.048,S_strong_beams,0.05490322931049988,0.0125,0.012754756550778477,0.035500000000000004
pai,FES - FOD,SSdF–DOF,Bonferroni,0.36968167029831245,0.864,S_strong_beams,0.3605550676742469,0.857,0.00912660262406556,0.007000000000000006
pai,FES - FOD,SSdF–DOF,FDR,0.36968167029831245,0.926,S_strong_beams,0.3605550676742469,0.912,0.00912660262406556,0.014000000000000012
pai,FES - FOM,SSdF–MOF,Bonferroni,0.069175775525017,0.016,S_strong_beams,0.0662005802201679,0.01,0.0029751953048490903,0.006
pai,FES - FOM,SSdF–MOF,FDR,0.069175775525017,0.048,S_strong_beams,0.0662005802201679,0.0345,0.0029751953048490903,0.013499999999999998
pai,FOD - FOM,DOF–MOF,Bonferroni,0.4075457769731642,0.964,S_strong_beams,0.34657061674689765,0.846,0.060975160226266534,0.118
pai,FOD - FOM,DOF–MOF,FDR,0.4075457769731642,0.974,S_strong_beams,0.34657061674689765,0.913,0.060975160226266534,0.06099999999999994
agbd,FED - FES,SDF–SSdF,Bonferroni,0.3904694928618122,0.968,S_night_only,0.42138406180621046,0.975,-0.030914568944398257,-0.007000000000000006
agbd,FED - FES,SDF–SSdF,FDR,0.3904694928618122,0.996,S_night_only,0.42138406180621046,0.995,-0.030914568944398257,0.0010000000000000009
agbd,FED - FOD,SDF–DOF,Bonferroni,0.06067035996389421,0.002,S_night_only,0.06275617077408308,0.001,-0.002085810810188868,0.001
agbd,FED - FOD,SDF–DOF,FDR,0.06067035996389421,0.02,S_night_only,0.06275617077408308,0.032,-0.002085810810188868,-0.012
agbd,FED - FOM,SDF–MOF,Bonferroni,0.3036475273875236,0.732,S_night_only,0.37033723321213174,0.9425,-0.06668970582460815,-0.21050000000000002
agbd,FED - FOM,SDF–MOF,FDR,0.3036475273875236,0.874,S_night_only,0.37033723321213174,0.987,-0.06668970582460815,-0.11299999999999999
agbd,FES - FOD,SSdF–DOF,Bonferroni,0.3992824373535665,0.95,S_night_only,0.41270166394012103,0.953,-0.013419226586554533,-0.0030000000000000027
agbd,FES - FOD,SSdF–DOF,FDR,0.3992824373535665,0.978,S_night_only,0.41270166394012103,0.982,-0.013419226586554533,-0.0040000000000000036
agbd,FES - FOM,SSdF–MOF,Bonferroni,0.0894131831268741,0.036,S_night_only,0.06874954340341091,0.013,0.02066363972346319,0.023
agbd,FES - FOM,SSdF–MOF,FDR,0.0894131831268741,0.114,S_night_only,0.06874954340341091,0.05,0.02066363972346319,0.064
agbd,FOD - FOM,DOF–MOF,Bonferroni,0.3112050081649978,0.738,S_night_only,0.36055607824965663,0.8885,-0.04935107008465883,-0.15049999999999997
agbd,FOD - FOM,DOF–MOF,FDR,0.3112050081649978,0.878,S_night_only,0.36055607824965663,0.9635,-0.04935107008465883,-0.08550000000000002
altura_dossel,FED - FES,SDF–SSdF,Bonferroni,0.4506199574171379,0.994,S_night_only,0.48041868122876474,0.9965,-0.029798723811626848,-0.0025000000000000577
altura_dossel,FED - FES,SDF–SSdF,FDR,0.4506199574171379,1,S_night_only,0.48041868122876474,0.9985,-0.029798723811626848,0.0014999999999999458
altura_dossel,FED - FOD,SDF–DOF,Bonferroni,0.10089465650597777,0.044,S_night_only,0.1203461123801075,0.079,-0.019451455874129733,-0.035
altura_dossel,FED - FOD,SDF–DOF,FDR,0.10089465650597777,0.14,S_night_only,0.1203461123801075,0.211,-0.019451455874129733,-0.07099999999999998
altura_dossel,FED - FOM,SDF–MOF,Bonferroni,0.4126923431199804,0.982,S_night_only,0.3828061108861761,0.951,0.029886232233804266,0.031000000000000028
altura_dossel,FED - FOM,SDF–MOF,FDR,0.4126923431199804,1,S_night_only,0.3828061108861761,0.9885,0.029886232233804266,0.011499999999999955
altura_dossel,FES - FOD,SSdF–DOF,Bonferroni,0.348169706343203,0.838,S_night_only,0.3642756029796569,0.884,-0.016105896636453898,-0.04600000000000004
altura_dossel,FES - FOD,SSdF–DOF,FDR,0.348169706343203,0.924,S_night_only,0.3642756029796569,0.95,-0.016105896636453898,-0.025999999999999912
altura_dossel,FES - FOM,SSdF–MOF,Bonferroni,0.06296708721835602,0.014,S_night_only,0.10036847401312013,0.0345,-0.03740138679476411,-0.020500000000000004
altura_dossel,FES - FOM,SSdF–MOF,FDR,0.06296708721835602,0.024,S_night_only,0.10036847401312013,0.1285,-0.03740138679476411,-0.10450000000000001
altura_dossel,FOD - FOM,DOF–MOF,Bonferroni,0.3166110181107286,0.744,S_night_only,0.26611181635441605,0.5705,0.05049920175631256,0.1735
altura_dossel,FOD - FOM,DOF–MOF,FDR,0.3166110181107286,0.884,S_night_only,0.26611181635441605,0.7695,0.05049920175631256,0.11450000000000005
cover,FED - FES,SDF–SSdF,Bonferroni,0.11089580474462074,0.058,S_night_only,0.06454768387932068,0.007,0.04634812086530006,0.051000000000000004
cover,FED - FES,SDF–SSdF,FDR,0.11089580474462074,0.138,S_night_only,0.06454768387932068,0.0265,0.04634812086530006,0.11150000000000002
cover,FED - FOD,SDF–DOF,Bonferroni,0.2403113528524658,0.434,S_night_only,0.3374102638950317,0.858,-0.0970989110425659,-0.424
cover,FED - FOD,SDF–DOF,FDR,0.2403113528524658,0.62,S_night_only,0.3374102638950317,0.9245,-0.0970989110425659,-0.3045
cover,FED - FOM,SDF–MOF,Bonferroni,0.09385741201156547,0.02,S_night_only,0.05510971467877704,0.002,0.03874769733278843,0.018000000000000002
cover,FED - FOM,SDF–MOF,FDR,0.09385741201156547,0.08,S_night_only,0.05510971467877704,0.0125,0.03874769733278843,0.0675
cover,FES - FOD,SSdF–DOF,Bonferroni,0.3469096976407011,0.848,S_night_only,0.36000512408941904,0.8545,-0.013095426448717917,-0.006500000000000061
cover,FES - FOD,SSdF–DOF,FDR,0.3469096976407011,0.886,S_night_only,0.36000512408941904,0.9135,-0.013095426448717917,-0.02749999999999997
cover,FES - FOM,SSdF–MOF,Bonferroni,0.06652279591827928,0.01,S_night_only,0.06537382049126629,0.01,0.001148975427012991,0
cover,FES - FOM,SSdF–MOF,FDR,0.06652279591827928,0.038,S_night_only,0.06537382049126629,0.035,0.001148975427012991,0.0029999999999999957
cover,FOD - FOM,DOF–MOF,Bonferroni,0.3249829891860416,0.782,S_night_only,0.34746712205711616,0.853,-0.022484132871074536,-0.07099999999999995
cover,FOD - FOM,DOF–MOF,FDR,0.3249829891860416,0.844,S_night_only,0.34746712205711616,0.9155,-0.022484132871074536,-0.07150000000000001
fhd_normal,FED - FES,SDF–SSdF,Bonferroni,0.45217533837932883,0.998,S_night_only,0.4651951274883024,0.9925,-0.013019789108973556,0.005499999999999949
fhd_normal,FED - FES,SDF–SSdF,FDR,0.45217533837932883,1,S_night_only,0.4651951274883024,0.9965,-0.013019789108973556,0.0034999999999999476
fhd_normal,FED - FOD,SDF–DOF,Bonferroni,0.08919080268408479,0.036,S_night_only,0.09623569887374943,0.0485,-0.00704489618966464,-0.012500000000000004
fhd_normal,FED - FOD,SDF–DOF,FDR,0.08919080268408479,0.104,S_night_only,0.09623569887374943,0.14,-0.00704489618966464,-0.03600000000000002
fhd_normal,FED - FOM,SDF–MOF,Bonferroni,0.3803940372222626,0.952,S_night_only,0.3624153093992066,0.926,0.01797872782305604,0.025999999999999912
fhd_normal,FED - FOM,SDF–MOF,FDR,0.3803940372222626,0.988,S_night_only,0.3624153093992066,0.978,0.01797872782305604,0.010000000000000009
fhd_normal,FES - FOD,SSdF–DOF,Bonferroni,0.3625425316102603,0.874,S_night_only,0.3753672967455416,0.9025,-0.012824765135281302,-0.02849999999999997
fhd_normal,FES - FOD,SSdF–DOF,FDR,0.3625425316102603,0.958,S_night_only,0.3753672967455416,0.9555,-0.012824765135281302,0.0024999999999999467
fhd_normal,FES - FOM,SSdF–MOF,Bonferroni,0.07919010050209338,0.02,S_night_only,0.10443324384336733,0.0455,-0.02524314334127395,-0.0255
fhd_normal,FES - FOM,SSdF–MOF,FDR,0.07919010050209338,0.074,S_night_only,0.10443324384336733,0.14,-0.02524314334127395,-0.06600000000000002
fhd_normal,FOD - FOM,DOF–MOF,Bonferroni,0.29475767534351616,0.658,S_night_only,0.27072723216247985,0.5935,0.02403044318103631,0.0645
fhd_normal,FOD - FOM,DOF–MOF,FDR,0.29475767534351616,0.832,S_night_only,0.27072723216247985,0.777,0.02403044318103631,0.05499999999999994
pai,FED - FES,SDF–SSdF,Bonferroni,0.1070442385189915,0.05,S_night_only,0.06530505547504291,0.007,0.041739183043948594,0.043000000000000003
pai,FED - FES,SDF–SSdF,FDR,0.1070442385189915,0.126,S_night_only,0.06530505547504291,0.027,0.041739183043948594,0.099
pai,FED - FOD,SDF–DOF,Bonferroni,0.24164527548413234,0.442,S_night_only,0.3380315131930446,0.8635,-0.09638623770891225,-0.42150000000000004
pai,FED - FOD,SDF–DOF,FDR,0.24164527548413234,0.61,S_night_only,0.3380315131930446,0.9215,-0.09638623770891225,-0.3115
pai,FED - FOM,SDF–MOF,Bonferroni,0.09067217295495505,0.02,S_night_only,0.05490322931049988,0.0025,0.035768943644455174,0.0175
pai,FED - FOM,SDF–MOF,FDR,0.09067217295495505,0.076,S_night_only,0.05490322931049988,0.0125,0.035768943644455174,0.0635
pai,FES - FOD,SSdF–DOF,Bonferroni,0.3458720322080474,0.854,S_night_only,0.3605550676742469,0.857,-0.014683035466199479,-0.0030000000000000027
pai,FES - FOD,SSdF–DOF,FDR,0.3458720322080474,0.89,S_night_only,0.3605550676742469,0.912,-0.014683035466199479,-0.02200000000000002
pai,FES - FOM,SSdF–MOF,Bonferroni,0.06756005119683905,0.01,S_night_only,0.0662005802201679,0.01,0.0013594709766711482,0
pai,FES - FOM,SSdF–MOF,FDR,0.06756005119683905,0.036,S_night_only,0.0662005802201679,0.0345,0.0013594709766711482,0.0014999999999999944
pai,FOD - FOM,DOF–MOF,Bonferroni,0.3229826732394547,0.788,S_night_only,0.34657061674689765,0.846,-0.023587943507442977,-0.05799999999999994
pai,FOD - FOM,DOF–MOF,FDR,0.3229826732394547,0.848,S_night_only,0.34657061674689765,0.913,-0.023587943507442977,-0.06500000000000006
agbd,FED - FES,SDF–SSdF,Bonferroni,0.45575135798849253,0.984,S_agbd_low_uncert,0.42138406180621046,0.975,0.03436729618228207,0.009000000000000008
agbd,FED - FES,SDF–SSdF,FDR,0.45575135798849253,0.998,S_agbd_low_uncert,0.42138406180621046,0.995,0.03436729618228207,0.0030000000000000027
agbd,FED - FOD,SDF–DOF,Bonferroni,0.06619880827214211,0.008,S_agbd_low_uncert,0.06275617077408308,0.001,0.003442637498059037,0.007
agbd,FED - FOD,SDF–DOF,FDR,0.06619880827214211,0.034,S_agbd_low_uncert,0.06275617077408308,0.032,0.003442637498059037,0.0020000000000000018
agbd,FED - FOM,SDF–MOF,Bonferroni,0.3842693037189351,0.946,S_agbd_low_uncert,0.37033723321213174,0.9425,0.01393207050680334,0.0034999999999999476
agbd,FED - FOM,SDF–MOF,FDR,0.3842693037189351,0.982,S_agbd_low_uncert,0.37033723321213174,0.987,0.01393207050680334,-0.0050000000000000044
agbd,FES - FOD,SSdF–DOF,Bonferroni,0.4354026200848005,0.968,S_agbd_low_uncert,0.41270166394012103,0.953,0.022700956144679485,0.015000000000000013
agbd,FES - FOD,SSdF–DOF,FDR,0.4354026200848005,0.986,S_agbd_low_uncert,0.41270166394012103,0.982,0.022700956144679485,0.0040000000000000036
agbd,FES - FOM,SSdF–MOF,Bonferroni,0.08376663686535178,0.024,S_agbd_low_uncert,0.06874954340341091,0.013,0.01501709346194087,0.011000000000000001
agbd,FES - FOM,SSdF–MOF,FDR,0.08376663686535178,0.078,S_agbd_low_uncert,0.06874954340341091,0.05,0.01501709346194087,0.027999999999999997
agbd,FOD - FOM,DOF–MOF,Bonferroni,0.35941586644310874,0.888,S_agbd_low_uncert,0.36055607824965663,0.8885,-0.0011402118065478861,-4.999999999999449e-4
agbd,FOD - FOM,DOF–MOF,FDR,0.35941586644310874,0.966,S_agbd_low_uncert,0.36055607824965663,0.9635,-0.0011402118065478861,0.0024999999999999467
altura_dossel,FED - FES,SDF–SSdF,Bonferroni,0.468607301101326,0.99,S_agbd_low_uncert,0.48041868122876474,0.9965,-0.011811380127438764,-0.006500000000000061
altura_dossel,FED - FES,SDF–SSdF,FDR,0.468607301101326,0.998,S_agbd_low_uncert,0.48041868122876474,0.9985,-0.011811380127438764,-5.00000000000056e-4
altura_dossel,FED - FOD,SDF–DOF,Bonferroni,0.138039971406006,0.12,S_agbd_low_uncert,0.1203461123801075,0.079,0.017693859025898484,0.040999999999999995
altura_dossel,FED - FOD,SDF–DOF,FDR,0.138039971406006,0.25,S_agbd_low_uncert,0.1203461123801075,0.211,0.017693859025898484,0.03900000000000001
altura_dossel,FED - FOM,SDF–MOF,Bonferroni,0.3909103673940496,0.958,S_agbd_low_uncert,0.3828061108861761,0.951,0.008104256507873497,0.007000000000000006
altura_dossel,FED - FOM,SDF–MOF,FDR,0.3909103673940496,0.984,S_agbd_low_uncert,0.3828061108861761,0.9885,0.008104256507873497,-0.0045000000000000595
altura_dossel,FES - FOD,SSdF–DOF,Bonferroni,0.3319940417855035,0.778,S_agbd_low_uncert,0.3642756029796569,0.884,-0.032281561194153374,-0.10599999999999998
altura_dossel,FES - FOD,SSdF–DOF,FDR,0.3319940417855035,0.886,S_agbd_low_uncert,0.3642756029796569,0.95,-0.032281561194153374,-0.06399999999999995
altura_dossel,FES - FOM,SSdF–MOF,Bonferroni,0.0791249186106193,0.016,S_agbd_low_uncert,0.10036847401312013,0.0345,-0.021243555402500836,-0.018500000000000003
altura_dossel,FES - FOM,SSdF–MOF,FDR,0.0791249186106193,0.07,S_agbd_low_uncert,0.10036847401312013,0.1285,-0.021243555402500836,-0.058499999999999996
altura_dossel,FOD - FOM,DOF–MOF,Bonferroni,0.25965482100792103,0.526,S_agbd_low_uncert,0.26611181635441605,0.5705,-0.00645699534649502,-0.044499999999999984
altura_dossel,FOD - FOM,DOF–MOF,FDR,0.25965482100792103,0.726,S_agbd_low_uncert,0.26611181635441605,0.7695,-0.00645699534649502,-0.04349999999999998
cover,FED - FES,SDF–SSdF,Bonferroni,0.06469975145726353,0.012,S_agbd_low_uncert,0.06454768387932068,0.007,1.5206757794285208e-4,0.005
cover,FED - FES,SDF–SSdF,FDR,0.06469975145726353,0.038,S_agbd_low_uncert,0.06454768387932068,0.0265,1.5206757794285208e-4,0.0115
cover,FED - FOD,SDF–DOF,Bonferroni,0.34842089591213776,0.832,S_agbd_low_uncert,0.3374102638950317,0.858,0.011010632017106059,-0.026000000000000023
cover,FED - FOD,SDF–DOF,FDR,0.34842089591213776,0.892,S_agbd_low_uncert,0.3374102638950317,0.9245,0.011010632017106059,-0.03249999999999997
cover,FED - FOM,SDF–MOF,Bonferroni,0.06312869328090052,0,S_agbd_low_uncert,0.05510971467877704,0.002,0.008018978602123486,-0.002
cover,FED - FOM,SDF–MOF,FDR,0.06312869328090052,0.022,S_agbd_low_uncert,0.05510971467877704,0.0125,0.008018978602123486,0.009499999999999998
cover,FES - FOD,SSdF–DOF,Bonferroni,0.3559900035659819,0.85,S_agbd_low_uncert,0.36000512408941904,0.8545,-0.00401512052343711,-0.0045000000000000595
cover,FES - FOD,SSdF–DOF,FDR,0.3559900035659819,0.898,S_agbd_low_uncert,0.36000512408941904,0.9135,-0.00401512052343711,-0.015499999999999958
cover,FES - FOM,SSdF–MOF,Bonferroni,0.07098365352947707,0.006,S_agbd_low_uncert,0.06537382049126629,0.01,0.005609833038210776,-0.004
cover,FES - FOM,SSdF–MOF,FDR,0.07098365352947707,0.032,S_agbd_low_uncert,0.06537382049126629,0.035,0.005609833038210776,-0.0030000000000000027
cover,FOD - FOM,DOF–MOF,Bonferroni,0.3181417419361853,0.776,S_agbd_low_uncert,0.34746712205711616,0.853,-0.02932538012093089,-0.07699999999999996
cover,FOD - FOM,DOF–MOF,FDR,0.3181417419361853,0.862,S_agbd_low_uncert,0.34746712205711616,0.9155,-0.02932538012093089,-0.05349999999999999
fhd_normal,FED - FES,SDF–SSdF,Bonferroni,0.44418492952619504,0.984,S_agbd_low_uncert,0.4651951274883024,0.9925,-0.021010197962107346,-0.008500000000000063
fhd_normal,FED - FES,SDF–SSdF,FDR,0.44418492952619504,0.994,S_agbd_low_uncert,0.4651951274883024,0.9965,-0.021010197962107346,-0.0025000000000000577
fhd_normal,FED - FOD,SDF–DOF,Bonferroni,0.08305252559640702,0.03,S_agbd_low_uncert,0.09623569887374943,0.0485,-0.013183173277342405,-0.018500000000000003
fhd_normal,FED - FOD,SDF–DOF,FDR,0.08305252559640702,0.092,S_agbd_low_uncert,0.09623569887374943,0.14,-0.013183173277342405,-0.048000000000000015
fhd_normal,FED - FOM,SDF–MOF,Bonferroni,0.33349590058339307,0.882,S_agbd_low_uncert,0.3624153093992066,0.926,-0.028919408815813508,-0.04400000000000004
fhd_normal,FED - FOM,SDF–MOF,FDR,0.33349590058339307,0.946,S_agbd_low_uncert,0.3624153093992066,0.978,-0.028919408815813508,-0.03200000000000003
fhd_normal,FES - FOD,SSdF–DOF,Bonferroni,0.36905896302710395,0.876,S_agbd_low_uncert,0.3753672967455416,0.9025,-0.006308333718437642,-0.026499999999999968
fhd_normal,FES - FOD,SSdF–DOF,FDR,0.36905896302710395,0.938,S_agbd_low_uncert,0.3753672967455416,0.9555,-0.006308333718437642,-0.01750000000000007
fhd_normal,FES - FOM,SSdF–MOF,Bonferroni,0.10361904043585599,0.042,S_agbd_low_uncert,0.10443324384336733,0.0455,-8.142034075113436e-4,-0.003499999999999996
fhd_normal,FES - FOM,SSdF–MOF,FDR,0.10361904043585599,0.134,S_agbd_low_uncert,0.10443324384336733,0.14,-8.142034075113436e-4,-0.006000000000000005
fhd_normal,FOD - FOM,DOF–MOF,Bonferroni,0.26815261123199086,0.576,S_agbd_low_uncert,0.27072723216247985,0.5935,-0.002574620930488991,-0.01750000000000007
fhd_normal,FOD - FOM,DOF–MOF,FDR,0.26815261123199086,0.754,S_agbd_low_uncert,0.27072723216247985,0.777,-0.002574620930488991,-0.02300000000000002
pai,FED - FES,SDF–SSdF,Bonferroni,0.06548553078602727,0.012,S_agbd_low_uncert,0.06530505547504291,0.007,1.8047531098436265e-4,0.005
pai,FED - FES,SDF–SSdF,FDR,0.06548553078602727,0.032,S_agbd_low_uncert,0.06530505547504291,0.027,1.8047531098436265e-4,0.005000000000000001
pai,FED - FOD,SDF–DOF,Bonferroni,0.35198943044378506,0.83,S_agbd_low_uncert,0.3380315131930446,0.8635,0.01395791725074047,-0.033500000000000085
pai,FED - FOD,SDF–DOF,FDR,0.35198943044378506,0.896,S_agbd_low_uncert,0.3380315131930446,0.9215,0.01395791725074047,-0.025499999999999967
pai,FED - FOM,SDF–MOF,Bonferroni,0.06469943156850555,0,S_agbd_low_uncert,0.05490322931049988,0.0025,0.00979620225800567,-0.0025
pai,FED - FOM,SDF–MOF,FDR,0.06469943156850555,0.028,S_agbd_low_uncert,0.05490322931049988,0.0125,0.00979620225800567,0.0155
pai,FES - FOD,SSdF–DOF,Bonferroni,0.3577751584399642,0.854,S_agbd_low_uncert,0.3605550676742469,0.857,-0.0027799092342826737,-0.0030000000000000027
pai,FES - FOD,SSdF–DOF,FDR,0.3577751584399642,0.904,S_agbd_low_uncert,0.3605550676742469,0.912,-0.0027799092342826737,-0.008000000000000007
pai,FES - FOM,SSdF–MOF,Bonferroni,0.0716978358846927,0.004,S_agbd_low_uncert,0.0662005802201679,0.01,0.005497255664524789,-0.006
pai,FES - FOM,SSdF–MOF,FDR,0.0716978358846927,0.038,S_agbd_low_uncert,0.0662005802201679,0.0345,0.005497255664524789,0.003499999999999996
pai,FOD - FOM,DOF–MOF,Bonferroni,0.31663949654508705,0.764,S_agbd_low_uncert,0.34657061674689765,0.846,-0.0299311202018106,-0.08199999999999996
pai,FOD - FOM,DOF–MOF,FDR,0.31663949654508705,0.862,S_agbd_low_uncert,0.34657061674689765,0.913,-0.0299311202018106,-0.051000000000000045
