variavel,comparacao,comparacao_en,ajuste,r_median,prop_sig,scenario
agbd,FED - FES,SDF–SSdF,Bonferroni,0.41312489241078765,0.964,S0_no_qc
agbd,FED - FES,SDF–SSdF,FDR,0.41312489241078765,0.988,S0_no_qc
agbd,FED - FOD,SDF–DOF,Bonferroni,0.06436606554118775,0.008,S0_no_qc
agbd,FED - FOD,SDF–DOF,FDR,0.06436606554118775,0.03,S0_no_qc
agbd,FED - FOM,SDF–MOF,Bonferroni,0.33805346195398733,0.872,S0_no_qc
agbd,FED - FOM,SDF–MOF,FDR,0.33805346195398733,0.956,S0_no_qc
agbd,FES - FOD,SSdF–DOF,Bonferroni,0.44504295913292047,0.976,S0_no_qc
agbd,FES - FOD,SSdF–DOF,FDR,0.44504295913292047,0.994,S0_no_qc
agbd,FES - FOM,SSdF–MOF,Bonferroni,0.08763869770294244,0.028,S0_no_qc
agbd,FES - FOM,SSdF–MOF,FDR,0.08763869770294244,0.092,S0_no_qc
agbd,FOD - FOM,DOF–MOF,Bonferroni,0.36252576759817723,0.916,S0_no_qc
agbd,FOD - FOM,DOF–MOF,FDR,0.36252576759817723,0.968,S0_no_qc
altura_dossel,FED - FES,SDF–SSdF,Bonferroni,0.4849427958174988,0.994,S0_no_qc
altura_dossel,FED - FES,SDF–SSdF,FDR,0.4849427958174988,0.998,S0_no_qc
altura_dossel,FED - FOD,SDF–DOF,Bonferroni,0.09209372928622123,0.066,S0_no_qc
altura_dossel,FED - FOD,SDF–DOF,FDR,0.09209372928622123,0.132,S0_no_qc
altura_dossel,FED - FOM,SDF–MOF,Bonferroni,0.3522843854447822,0.924,S0_no_qc
altura_dossel,FED - FOM,SDF–MOF,FDR,0.3522843854447822,0.974,S0_no_qc
altura_dossel,FES - FOD,SSdF–DOF,Bonferroni,0.39736751377968094,0.914,S0_no_qc
altura_dossel,FES - FOD,SSdF–DOF,FDR,0.39736751377968094,0.968,S0_no_qc
altura_dossel,FES - FOM,SSdF–MOF,Bonferroni,0.13079368880723188,0.066,S0_no_qc
altura_dossel,FES - FOM,SSdF–MOF,FDR,0.13079368880723188,0.22,S0_no_qc
altura_dossel,FOD - FOM,DOF–MOF,Bonferroni,0.26457980891767174,0.58,S0_no_qc
altura_dossel,FOD - FOM,DOF–MOF,FDR,0.26457980891767174,0.788,S0_no_qc
cover,FED - FES,SDF–SSdF,Bonferroni,0.06835571553268481,0.01,S0_no_qc
cover,FED - FES,SDF–SSdF,FDR,0.06835571553268481,0.06,S0_no_qc
cover,FED - FOD,SDF–DOF,Bonferroni,0.3587349237490779,0.876,S0_no_qc
cover,FED - FOD,SDF–DOF,FDR,0.3587349237490779,0.944,S0_no_qc
cover,FED - FOM,SDF–MOF,Bonferroni,0.059844611084130556,0.006,S0_no_qc
cover,FED - FOM,SDF–MOF,FDR,0.059844611084130556,0.018,S0_no_qc
cover,FES - FOD,SSdF–DOF,Bonferroni,0.39869678457991975,0.936,S0_no_qc
cover,FES - FOD,SSdF–DOF,FDR,0.39869678457991975,0.96,S0_no_qc
cover,FES - FOM,SSdF–MOF,Bonferroni,0.07154728548738679,0.034,S0_no_qc
cover,FES - FOM,SSdF–MOF,FDR,0.07154728548738679,0.094,S0_no_qc
cover,FOD - FOM,DOF–MOF,Bonferroni,0.3350641759746803,0.844,S0_no_qc
cover,FOD - FOM,DOF–MOF,FDR,0.3350641759746803,0.912,S0_no_qc
fhd_normal,FED - FES,SDF–SSdF,Bonferroni,0.47875591849289223,0.992,S0_no_qc
fhd_normal,FED - FES,SDF–SSdF,FDR,0.47875591849289223,0.994,S0_no_qc
fhd_normal,FED - FOD,SDF–DOF,Bonferroni,0.07899529644896075,0.032,S0_no_qc
fhd_normal,FED - FOD,SDF–DOF,FDR,0.07899529644896075,0.096,S0_no_qc
fhd_normal,FED - FOM,SDF–MOF,Bonferroni,0.34344066059423983,0.91,S0_no_qc
fhd_normal,FED - FOM,SDF–MOF,FDR,0.34344066059423983,0.97,S0_no_qc
fhd_normal,FES - FOD,SSdF–DOF,Bonferroni,0.40368448414749136,0.93,S0_no_qc
fhd_normal,FES - FOD,SSdF–DOF,FDR,0.40368448414749136,0.976,S0_no_qc
fhd_normal,FES - FOM,SSdF–MOF,Bonferroni,0.13026186980245308,0.08,S0_no_qc
fhd_normal,FES - FOM,SSdF–MOF,FDR,0.13026186980245308,0.198,S0_no_qc
fhd_normal,FOD - FOM,DOF–MOF,Bonferroni,0.27614826958428895,0.64,S0_no_qc
fhd_normal,FOD - FOM,DOF–MOF,FDR,0.27614826958428895,0.816,S0_no_qc
pai,FED - FES,SDF–SSdF,Bonferroni,0.06802309040892122,0.008,S0_no_qc
pai,FED - FES,SDF–SSdF,FDR,0.06802309040892122,0.058,S0_no_qc
pai,FED - FOD,SDF–DOF,Bonferroni,0.3620601705265134,0.88,S0_no_qc
pai,FED - FOD,SDF–DOF,FDR,0.3620601705265134,0.95,S0_no_qc
pai,FED - FOM,SDF–MOF,Bonferroni,0.05937888969217143,0.006,S0_no_qc
pai,FED - FOM,SDF–MOF,FDR,0.05937888969217143,0.022,S0_no_qc
pai,FES - FOD,SSdF–DOF,Bonferroni,0.40215512446564494,0.936,S0_no_qc
pai,FES - FOD,SSdF–DOF,FDR,0.40215512446564494,0.96,S0_no_qc
pai,FES - FOM,SSdF–MOF,Bonferroni,0.07241172253385873,0.036,S0_no_qc
pai,FES - FOM,SSdF–MOF,FDR,0.07241172253385873,0.102,S0_no_qc
pai,FOD - FOM,DOF–MOF,Bonferroni,0.33353489635055966,0.828,S0_no_qc
pai,FOD - FOM,DOF–MOF,FDR,0.33353489635055966,0.91,S0_no_qc
agbd,FED - FES,SDF–SSdF,Bonferroni,0.42138406180621046,0.975,S1_baseline
agbd,FED - FES,SDF–SSdF,FDR,0.42138406180621046,0.995,S1_baseline
agbd,FED - FOD,SDF–DOF,Bonferroni,0.06275617077408308,0.001,S1_baseline
agbd,FED - FOD,SDF–DOF,FDR,0.06275617077408308,0.032,S1_baseline
agbd,FED - FOM,SDF–MOF,Bonferroni,0.37033723321213174,0.9425,S1_baseline
agbd,FED - FOM,SDF–MOF,FDR,0.37033723321213174,0.987,S1_baseline
agbd,FES - FOD,SSdF–DOF,Bonferroni,0.41270166394012103,0.953,S1_baseline
agbd,FES - FOD,SSdF–DOF,FDR,0.41270166394012103,0.982,S1_baseline
agbd,FES - FOM,SSdF–MOF,Bonferroni,0.06874954340341091,0.013,S1_baseline
agbd,FES - FOM,SSdF–MOF,FDR,0.06874954340341091,0.05,S1_baseline
agbd,FOD - FOM,DOF–MOF,Bonferroni,0.36055607824965663,0.8885,S1_baseline
agbd,FOD - FOM,DOF–MOF,FDR,0.36055607824965663,0.9635,S1_baseline
altura_dossel,FED - FES,SDF–SSdF,Bonferroni,0.48041868122876474,0.9965,S1_baseline
altura_dossel,FED - FES,SDF–SSdF,FDR,0.48041868122876474,0.9985,S1_baseline
altura_dossel,FED - FOD,SDF–DOF,Bonferroni,0.1203461123801075,0.079,S1_baseline
altura_dossel,FED - FOD,SDF–DOF,FDR,0.1203461123801075,0.211,S1_baseline
altura_dossel,FED - FOM,SDF–MOF,Bonferroni,0.3828061108861761,0.951,S1_baseline
altura_dossel,FED - FOM,SDF–MOF,FDR,0.3828061108861761,0.9885,S1_baseline
altura_dossel,FES - FOD,SSdF–DOF,Bonferroni,0.3642756029796569,0.884,S1_baseline
altura_dossel,FES - FOD,SSdF–DOF,FDR,0.3642756029796569,0.95,S1_baseline
altura_dossel,FES - FOM,SSdF–MOF,Bonferroni,0.10036847401312013,0.0345,S1_baseline
altura_dossel,FES - FOM,SSdF–MOF,FDR,0.10036847401312013,0.1285,S1_baseline
altura_dossel,FOD - FOM,DOF–MOF,Bonferroni,0.26611181635441605,0.5705,S1_baseline
altura_dossel,FOD - FOM,DOF–MOF,FDR,0.26611181635441605,0.7695,S1_baseline
cover,FED - FES,SDF–SSdF,Bonferroni,0.06454768387932068,0.007,S1_baseline
cover,FED - FES,SDF–SSdF,FDR,0.06454768387932068,0.0265,S1_baseline
cover,FED - FOD,SDF–DOF,Bonferroni,0.3374102638950317,0.858,S1_baseline
cover,FED - FOD,SDF–DOF,FDR,0.3374102638950317,0.9245,S1_baseline
cover,FED - FOM,SDF–MOF,Bonferroni,0.05510971467877704,0.002,S1_baseline
cover,FED - FOM,SDF–MOF,FDR,0.05510971467877704,0.0125,S1_baseline
cover,FES - FOD,SSdF–DOF,Bonferroni,0.36000512408941904,0.8545,S1_baseline
cover,FES - FOD,SSdF–DOF,FDR,0.36000512408941904,0.9135,S1_baseline
cover,FES - FOM,SSdF–MOF,Bonferroni,0.06537382049126629,0.01,S1_baseline
cover,FES - FOM,SSdF–MOF,FDR,0.06537382049126629,0.035,S1_baseline
cover,FOD - FOM,DOF–MOF,Bonferroni,0.34746712205711616,0.853,S1_baseline
cover,FOD - FOM,DOF–MOF,FDR,0.34746712205711616,0.9155,S1_baseline
fhd_normal,FED - FES,SDF–SSdF,Bonferroni,0.4651951274883024,0.9925,S1_baseline
fhd_normal,FED - FES,SDF–SSdF,FDR,0.4651951274883024,0.9965,S1_baseline
fhd_normal,FED - FOD,SDF–DOF,Bonferroni,0.09623569887374943,0.0485,S1_baseline
fhd_normal,FED - FOD,SDF–DOF,FDR,0.09623569887374943,0.14,S1_baseline
fhd_normal,FED - FOM,SDF–MOF,Bonferroni,0.3624153093992066,0.926,S1_baseline
fhd_normal,FED - FOM,SDF–MOF,FDR,0.3624153093992066,0.978,S1_baseline
fhd_normal,FES - FOD,SSdF–DOF,Bonferroni,0.3753672967455416,0.9025,S1_baseline
fhd_normal,FES - FOD,SSdF–DOF,FDR,0.3753672967455416,0.9555,S1_baseline
fhd_normal,FES - FOM,SSdF–MOF,Bonferroni,0.10443324384336733,0.0455,S1_baseline
fhd_normal,FES - FOM,SSdF–MOF,FDR,0.10443324384336733,0.14,S1_baseline
fhd_normal,FOD - FOM,DOF–MOF,Bonferroni,0.27072723216247985,0.5935,S1_baseline
fhd_normal,FOD - FOM,DOF–MOF,FDR,0.27072723216247985,0.777,S1_baseline
pai,FED - FES,SDF–SSdF,Bonferroni,0.06530505547504291,0.007,S1_baseline
pai,FED - FES,SDF–SSdF,FDR,0.06530505547504291,0.027,S1_baseline
pai,FED - FOD,SDF–DOF,Bonferroni,0.3380315131930446,0.8635,S1_baseline
pai,FED - FOD,SDF–DOF,FDR,0.3380315131930446,0.9215,S1_baseline
pai,FED - FOM,SDF–MOF,Bonferroni,0.05490322931049988,0.0025,S1_baseline
pai,FED - FOM,SDF–MOF,FDR,0.05490322931049988,0.0125,S1_baseline
pai,FES - FOD,SSdF–DOF,Bonferroni,0.3605550676742469,0.857,S1_baseline
pai,FES - FOD,SSdF–DOF,FDR,0.3605550676742469,0.912,S1_baseline
pai,FES - FOM,SSdF–MOF,Bonferroni,0.0662005802201679,0.01,S1_baseline
pai,FES - FOM,SSdF–MOF,FDR,0.0662005802201679,0.0345,S1_baseline
pai,FOD - FOM,DOF–MOF,Bonferroni,0.34657061674689765,0.846,S1_baseline
pai,FOD - FOM,DOF–MOF,FDR,0.34657061674689765,0.913,S1_baseline
agbd,FED - FES,SDF–SSdF,Bonferroni,0.421035578995979,0.978,S_sens080
agbd,FED - FES,SDF–SSdF,FDR,0.421035578995979,1,S_sens080
agbd,FED - FOD,SDF–DOF,Bonferroni,0.06723394164533815,0.002,S_sens080
agbd,FED - FOD,SDF–DOF,FDR,0.06723394164533815,0.036,S_sens080
agbd,FED - FOM,SDF–MOF,Bonferroni,0.3673101701793352,0.936,S_sens080
agbd,FED - FOM,SDF–MOF,FDR,0.3673101701793352,0.994,S_sens080
agbd,FES - FOD,SSdF–DOF,Bonferroni,0.42400200853647874,0.968,S_sens080
agbd,FES - FOD,SSdF–DOF,FDR,0.42400200853647874,0.984,S_sens080
agbd,FES - FOM,SSdF–MOF,Bonferroni,0.06998949640845957,0.01,S_sens080
agbd,FES - FOM,SSdF–MOF,FDR,0.06998949640845957,0.056,S_sens080
agbd,FOD - FOM,DOF–MOF,Bonferroni,0.3662735764243248,0.904,S_sens080
agbd,FOD - FOM,DOF–MOF,FDR,0.3662735764243248,0.966,S_sens080
altura_dossel,FED - FES,SDF–SSdF,Bonferroni,0.47800814266708036,1,S_sens080
altura_dossel,FED - FES,SDF–SSdF,FDR,0.47800814266708036,1,S_sens080
altura_dossel,FED - FOD,SDF–DOF,Bonferroni,0.11366530466220684,0.09,S_sens080
altura_dossel,FED - FOD,SDF–DOF,FDR,0.11366530466220684,0.216,S_sens080
altura_dossel,FED - FOM,SDF–MOF,Bonferroni,0.38349616017949806,0.96,S_sens080
altura_dossel,FED - FOM,SDF–MOF,FDR,0.38349616017949806,0.994,S_sens080
altura_dossel,FES - FOD,SSdF–DOF,Bonferroni,0.3751596831980166,0.892,S_sens080
altura_dossel,FES - FOD,SSdF–DOF,FDR,0.3751596831980166,0.958,S_sens080
altura_dossel,FES - FOM,SSdF–MOF,Bonferroni,0.10092010935710842,0.024,S_sens080
altura_dossel,FES - FOM,SSdF–MOF,FDR,0.10092010935710842,0.124,S_sens080
altura_dossel,FOD - FOM,DOF–MOF,Bonferroni,0.2752733928368952,0.6,S_sens080
altura_dossel,FOD - FOM,DOF–MOF,FDR,0.2752733928368952,0.79,S_sens080
cover,FED - FES,SDF–SSdF,Bonferroni,0.060207186500352707,0.008,S_sens080
cover,FED - FES,SDF–SSdF,FDR,0.060207186500352707,0.03,S_sens080
cover,FED - FOD,SDF–DOF,Bonferroni,0.34243904084893084,0.868,S_sens080
cover,FED - FOD,SDF–DOF,FDR,0.34243904084893084,0.926,S_sens080
cover,FED - FOM,SDF–MOF,Bonferroni,0.053249925162986426,0.002,S_sens080
cover,FED - FOM,SDF–MOF,FDR,0.053249925162986426,0.018,S_sens080
cover,FES - FOD,SSdF–DOF,Bonferroni,0.37040686269365,0.864,S_sens080
cover,FES - FOD,SSdF–DOF,FDR,0.37040686269365,0.926,S_sens080
cover,FES - FOM,SSdF–MOF,Bonferroni,0.06261883928742945,0.008,S_sens080
cover,FES - FOM,SSdF–MOF,FDR,0.06261883928742945,0.036,S_sens080
cover,FOD - FOM,DOF–MOF,Bonferroni,0.35841937635866783,0.848,S_sens080
cover,FOD - FOM,DOF–MOF,FDR,0.35841937635866783,0.912,S_sens080
fhd_normal,FED - FES,SDF–SSdF,Bonferroni,0.4645053255618114,0.998,S_sens080
fhd_normal,FED - FES,SDF–SSdF,FDR,0.4645053255618114,1,S_sens080
fhd_normal,FED - FOD,SDF–DOF,Bonferroni,0.09230891936267047,0.052,S_sens080
fhd_normal,FED - FOD,SDF–DOF,FDR,0.09230891936267047,0.142,S_sens080
fhd_normal,FED - FOM,SDF–MOF,Bonferroni,0.36041820729470764,0.928,S_sens080
fhd_normal,FED - FOM,SDF–MOF,FDR,0.36041820729470764,0.988,S_sens080
fhd_normal,FES - FOD,SSdF–DOF,Bonferroni,0.389213868612951,0.9,S_sens080
fhd_normal,FES - FOD,SSdF–DOF,FDR,0.389213868612951,0.96,S_sens080
fhd_normal,FES - FOM,SSdF–MOF,Bonferroni,0.10753273033814742,0.038,S_sens080
fhd_normal,FES - FOM,SSdF–MOF,FDR,0.10753273033814742,0.136,S_sens080
fhd_normal,FOD - FOM,DOF–MOF,Bonferroni,0.2766505830664933,0.628,S_sens080
fhd_normal,FOD - FOM,DOF–MOF,FDR,0.2766505830664933,0.796,S_sens080
pai,FED - FES,SDF–SSdF,Bonferroni,0.060758622088247644,0.008,S_sens080
pai,FED - FES,SDF–SSdF,FDR,0.060758622088247644,0.028,S_sens080
pai,FED - FOD,SDF–DOF,Bonferroni,0.34326532258515646,0.87,S_sens080
pai,FED - FOD,SDF–DOF,FDR,0.34326532258515646,0.924,S_sens080
pai,FED - FOM,SDF–MOF,Bonferroni,0.052147476869325415,0.002,S_sens080
pai,FED - FOM,SDF–MOF,FDR,0.052147476869325415,0.018,S_sens080
pai,FES - FOD,SSdF–DOF,Bonferroni,0.3704063178809037,0.874,S_sens080
pai,FES - FOD,SSdF–DOF,FDR,0.3704063178809037,0.922,S_sens080
pai,FES - FOM,SSdF–MOF,Bonferroni,0.06399643816917727,0.008,S_sens080
pai,FES - FOM,SSdF–MOF,FDR,0.06399643816917727,0.032,S_sens080
pai,FOD - FOM,DOF–MOF,Bonferroni,0.35525052359651144,0.842,S_sens080
pai,FOD - FOM,DOF–MOF,FDR,0.35525052359651144,0.908,S_sens080
agbd,FED - FES,SDF–SSdF,Bonferroni,0.421035578995979,0.978,S_sens090
agbd,FED - FES,SDF–SSdF,FDR,0.421035578995979,1,S_sens090
agbd,FED - FOD,SDF–DOF,Bonferroni,0.06723394164533815,0.002,S_sens090
agbd,FED - FOD,SDF–DOF,FDR,0.06723394164533815,0.036,S_sens090
agbd,FED - FOM,SDF–MOF,Bonferroni,0.3673101701793352,0.936,S_sens090
agbd,FED - FOM,SDF–MOF,FDR,0.3673101701793352,0.994,S_sens090
agbd,FES - FOD,SSdF–DOF,Bonferroni,0.42400200853647874,0.968,S_sens090
agbd,FES - FOD,SSdF–DOF,FDR,0.42400200853647874,0.984,S_sens090
agbd,FES - FOM,SSdF–MOF,Bonferroni,0.06998949640845957,0.01,S_sens090
agbd,FES - FOM,SSdF–MOF,FDR,0.06998949640845957,0.056,S_sens090
agbd,FOD - FOM,DOF–MOF,Bonferroni,0.3662735764243248,0.904,S_sens090
agbd,FOD - FOM,DOF–MOF,FDR,0.3662735764243248,0.966,S_sens090
altura_dossel,FED - FES,SDF–SSdF,Bonferroni,0.47800814266708036,1,S_sens090
altura_dossel,FED - FES,SDF–SSdF,FDR,0.47800814266708036,1,S_sens090
altura_dossel,FED - FOD,SDF–DOF,Bonferroni,0.11366530466220684,0.09,S_sens090
altura_dossel,FED - FOD,SDF–DOF,FDR,0.11366530466220684,0.216,S_sens090
altura_dossel,FED - FOM,SDF–MOF,Bonferroni,0.38349616017949806,0.96,S_sens090
altura_dossel,FED - FOM,SDF–MOF,FDR,0.38349616017949806,0.994,S_sens090
altura_dossel,FES - FOD,SSdF–DOF,Bonferroni,0.3751596831980166,0.892,S_sens090
altura_dossel,FES - FOD,SSdF–DOF,FDR,0.3751596831980166,0.958,S_sens090
altura_dossel,FES - FOM,SSdF–MOF,Bonferroni,0.10092010935710842,0.024,S_sens090
altura_dossel,FES - FOM,SSdF–MOF,FDR,0.10092010935710842,0.124,S_sens090
altura_dossel,FOD - FOM,DOF–MOF,Bonferroni,0.2752733928368952,0.6,S_sens090
altura_dossel,FOD - FOM,DOF–MOF,FDR,0.2752733928368952,0.79,S_sens090
cover,FED - FES,SDF–SSdF,Bonferroni,0.060207186500352707,0.008,S_sens090
cover,FED - FES,SDF–SSdF,FDR,0.060207186500352707,0.03,S_sens090
cover,FED - FOD,SDF–DOF,Bonferroni,0.34243904084893084,0.868,S_sens090
cover,FED - FOD,SDF–DOF,FDR,0.34243904084893084,0.926,S_sens090
cover,FED - FOM,SDF–MOF,Bonferroni,0.053249925162986426,0.002,S_sens090
cover,FED - FOM,SDF–MOF,FDR,0.053249925162986426,0.018,S_sens090
cover,FES - FOD,SSdF–DOF,Bonferroni,0.37040686269365,0.864,S_sens090
cover,FES - FOD,SSdF–DOF,FDR,0.37040686269365,0.926,S_sens090
cover,FES - FOM,SSdF–MOF,Bonferroni,0.06261883928742945,0.008,S_sens090
cover,FES - FOM,SSdF–MOF,FDR,0.06261883928742945,0.036,S_sens090
cover,FOD - FOM,DOF–MOF,Bonferroni,0.35841937635866783,0.848,S_sens090
cover,FOD - FOM,DOF–MOF,FDR,0.35841937635866783,0.912,S_sens090
fhd_normal,FED - FES,SDF–SSdF,Bonferroni,0.4645053255618114,0.998,S_sens090
fhd_normal,FED - FES,SDF–SSdF,FDR,0.4645053255618114,1,S_sens090
fhd_normal,FED - FOD,SDF–DOF,Bonferroni,0.09230891936267047,0.052,S_sens090
fhd_normal,FED - FOD,SDF–DOF,FDR,0.09230891936267047,0.142,S_sens090
fhd_normal,FED - FOM,SDF–MOF,Bonferroni,0.36041820729470764,0.928,S_sens090
fhd_normal,FED - FOM,SDF–MOF,FDR,0.36041820729470764,0.988,S_sens090
fhd_normal,FES - FOD,SSdF–DOF,Bonferroni,0.389213868612951,0.9,S_sens090
fhd_normal,FES - FOD,SSdF–DOF,FDR,0.389213868612951,0.96,S_sens090
fhd_normal,FES - FOM,SSdF–MOF,Bonferroni,0.10753273033814742,0.038,S_sens090
fhd_normal,FES - FOM,SSdF–MOF,FDR,0.10753273033814742,0.136,S_sens090
fhd_normal,FOD - FOM,DOF–MOF,Bonferroni,0.2766505830664933,0.628,S_sens090
fhd_normal,FOD - FOM,DOF–MOF,FDR,0.2766505830664933,0.796,S_sens090
pai,FED - FES,SDF–SSdF,Bonferroni,0.060758622088247644,0.008,S_sens090
pai,FED - FES,SDF–SSdF,FDR,0.060758622088247644,0.028,S_sens090
pai,FED - FOD,SDF–DOF,Bonferroni,0.34326532258515646,0.87,S_sens090
pai,FED - FOD,SDF–DOF,FDR,0.34326532258515646,0.924,S_sens090
pai,FED - FOM,SDF–MOF,Bonferroni,0.052147476869325415,0.002,S_sens090
pai,FED - FOM,SDF–MOF,FDR,0.052147476869325415,0.018,S_sens090
pai,FES - FOD,SSdF–DOF,Bonferroni,0.3704063178809037,0.874,S_sens090
pai,FES - FOD,SSdF–DOF,FDR,0.3704063178809037,0.922,S_sens090
pai,FES - FOM,SSdF–MOF,Bonferroni,0.06399643816917727,0.008,S_sens090
pai,FES - FOM,SSdF–MOF,FDR,0.06399643816917727,0.032,S_sens090
pai,FOD - FOM,DOF–MOF,Bonferroni,0.35525052359651144,0.842,S_sens090
pai,FOD - FOM,DOF–MOF,FDR,0.35525052359651144,0.908,S_sens090
agbd,FED - FES,SDF–SSdF,Bonferroni,0.41132743856558057,0.974,S_sens095
agbd,FED - FES,SDF–SSdF,FDR,0.41132743856558057,0.998,S_sens095
agbd,FED - FOD,SDF–DOF,Bonferroni,0.06606336031748795,0.004,S_sens095
agbd,FED - FOD,SDF–DOF,FDR,0.06606336031748795,0.052,S_sens095
agbd,FED - FOM,SDF–MOF,Bonferroni,0.362002566168496,0.936,S_sens095
agbd,FED - FOM,SDF–MOF,FDR,0.362002566168496,0.992,S_sens095
agbd,FES - FOD,SSdF–DOF,Bonferroni,0.443359902708382,0.98,S_sens095
agbd,FES - FOD,SSdF–DOF,FDR,0.443359902708382,0.988,S_sens095
agbd,FES - FOM,SSdF–MOF,Bonferroni,0.06764726568130504,0.01,S_sens095
agbd,FES - FOM,SSdF–MOF,FDR,0.06764726568130504,0.042,S_sens095
agbd,FOD - FOM,DOF–MOF,Bonferroni,0.39134739119719814,0.936,S_sens095
agbd,FOD - FOM,DOF–MOF,FDR,0.39134739119719814,0.976,S_sens095
altura_dossel,FED - FES,SDF–SSdF,Bonferroni,0.47669992254471294,1,S_sens095
altura_dossel,FED - FES,SDF–SSdF,FDR,0.47669992254471294,1,S_sens095
altura_dossel,FED - FOD,SDF–DOF,Bonferroni,0.10250423446987035,0.07,S_sens095
altura_dossel,FED - FOD,SDF–DOF,FDR,0.10250423446987035,0.152,S_sens095
altura_dossel,FED - FOM,SDF–MOF,Bonferroni,0.3894193849760893,0.97,S_sens095
altura_dossel,FED - FOM,SDF–MOF,FDR,0.3894193849760893,0.994,S_sens095
altura_dossel,FES - FOD,SSdF–DOF,Bonferroni,0.38597430254030896,0.916,S_sens095
altura_dossel,FES - FOD,SSdF–DOF,FDR,0.38597430254030896,0.962,S_sens095
altura_dossel,FES - FOM,SSdF–MOF,Bonferroni,0.09038017309201352,0.02,S_sens095
altura_dossel,FES - FOM,SSdF–MOF,FDR,0.09038017309201352,0.118,S_sens095
altura_dossel,FOD - FOM,DOF–MOF,Bonferroni,0.29552493777389605,0.678,S_sens095
altura_dossel,FOD - FOM,DOF–MOF,FDR,0.29552493777389605,0.822,S_sens095
cover,FED - FES,SDF–SSdF,Bonferroni,0.06592513682936971,0.01,S_sens095
cover,FED - FES,SDF–SSdF,FDR,0.06592513682936971,0.056,S_sens095
cover,FED - FOD,SDF–DOF,Bonferroni,0.30778915298388265,0.748,S_sens095
cover,FED - FOD,SDF–DOF,FDR,0.30778915298388265,0.872,S_sens095
cover,FED - FOM,SDF–MOF,Bonferroni,0.06461623580627712,0.012,S_sens095
cover,FED - FOM,SDF–MOF,FDR,0.06461623580627712,0.03,S_sens095
cover,FES - FOD,SSdF–DOF,Bonferroni,0.36427759639378143,0.858,S_sens095
cover,FES - FOD,SSdF–DOF,FDR,0.36427759639378143,0.912,S_sens095
cover,FES - FOM,SSdF–MOF,Bonferroni,0.061998561687067924,0.008,S_sens095
cover,FES - FOM,SSdF–MOF,FDR,0.061998561687067924,0.028,S_sens095
cover,FOD - FOM,DOF–MOF,Bonferroni,0.36324336175386485,0.862,S_sens095
cover,FOD - FOM,DOF–MOF,FDR,0.36324336175386485,0.912,S_sens095
fhd_normal,FED - FES,SDF–SSdF,Bonferroni,0.4587215083801688,0.996,S_sens095
fhd_normal,FED - FES,SDF–SSdF,FDR,0.4587215083801688,0.998,S_sens095
fhd_normal,FED - FOD,SDF–DOF,Bonferroni,0.08128664472058864,0.038,S_sens095
fhd_normal,FED - FOD,SDF–DOF,FDR,0.08128664472058864,0.094,S_sens095
fhd_normal,FED - FOM,SDF–MOF,Bonferroni,0.35814688554809915,0.916,S_sens095
fhd_normal,FED - FOM,SDF–MOF,FDR,0.35814688554809915,0.974,S_sens095
fhd_normal,FES - FOD,SSdF–DOF,Bonferroni,0.40044026952279854,0.91,S_sens095
fhd_normal,FES - FOD,SSdF–DOF,FDR,0.40044026952279854,0.97,S_sens095
fhd_normal,FES - FOM,SSdF–MOF,Bonferroni,0.10119578095087156,0.034,S_sens095
fhd_normal,FES - FOM,SSdF–MOF,FDR,0.10119578095087156,0.126,S_sens095
fhd_normal,FOD - FOM,DOF–MOF,Bonferroni,0.2938040193757748,0.682,S_sens095
fhd_normal,FOD - FOM,DOF–MOF,FDR,0.2938040193757748,0.822,S_sens095
pai,FED - FES,SDF–SSdF,Bonferroni,0.06564938627620909,0.012,S_sens095
pai,FED - FES,SDF–SSdF,FDR,0.06564938627620909,0.052,S_sens095
pai,FED - FOD,SDF–DOF,Bonferroni,0.30950993525716464,0.754,S_sens095
pai,FED - FOD,SDF–DOF,FDR,0.30950993525716464,0.874,S_sens095
pai,FED - FOM,SDF–MOF,Bonferroni,0.06427193617334287,0.008,S_sens095
pai,FED - FOM,SDF–MOF,FDR,0.06427193617334287,0.03,S_sens095
pai,FES - FOD,SSdF–DOF,Bonferroni,0.36468878026123286,0.862,S_sens095
pai,FES - FOD,SSdF–DOF,FDR,0.36468878026123286,0.898,S_sens095
pai,FES - FOM,SSdF–MOF,Bonferroni,0.06282535983094167,0.008,S_sens095
pai,FES - FOM,SSdF–MOF,FDR,0.06282535983094167,0.028,S_sens095
pai,FOD - FOM,DOF–MOF,Bonferroni,0.3633121048285305,0.858,S_sens095
pai,FOD - FOM,DOF–MOF,FDR,0.3633121048285305,0.906,S_sens095
agbd,FED - FES,SDF–SSdF,Bonferroni,0.3789387457927388,0.788,S_sens099
agbd,FED - FES,SDF–SSdF,FDR,0.3789387457927388,0.904,S_sens099
agbd,FED - FOD,SDF–DOF,Bonferroni,0.07676061382103587,0.008,S_sens099
agbd,FED - FOD,SDF–DOF,FDR,0.07676061382103587,0.04,S_sens099
agbd,FED - FOM,SDF–MOF,Bonferroni,0.41995192786701874,0.886,S_sens099
agbd,FED - FOM,SDF–MOF,FDR,0.41995192786701874,0.958,S_sens099
agbd,FES - FOD,SSdF–DOF,Bonferroni,0.34886142755874117,0.698,S_sens099
agbd,FES - FOD,SSdF–DOF,FDR,0.34886142755874117,0.824,S_sens099
agbd,FES - FOM,SSdF–MOF,Bonferroni,0.06880173873536866,0,S_sens099
agbd,FES - FOM,SSdF–MOF,FDR,0.06880173873536866,0.01,S_sens099
agbd,FOD - FOM,DOF–MOF,Bonferroni,0.380019909437474,0.82,S_sens099
agbd,FOD - FOM,DOF–MOF,FDR,0.380019909437474,0.926,S_sens099
altura_dossel,FED - FES,SDF–SSdF,Bonferroni,0.4022793861841244,0.858,S_sens099
altura_dossel,FED - FES,SDF–SSdF,FDR,0.4022793861841244,0.936,S_sens099
altura_dossel,FED - FOD,SDF–DOF,Bonferroni,0.07810880191590407,0.006,S_sens099
altura_dossel,FED - FOD,SDF–DOF,FDR,0.07810880191590407,0.032,S_sens099
altura_dossel,FED - FOM,SDF–MOF,Bonferroni,0.39445849903642116,0.856,S_sens099
altura_dossel,FED - FOM,SDF–MOF,FDR,0.39445849903642116,0.938,S_sens099
altura_dossel,FES - FOD,SSdF–DOF,Bonferroni,0.36369912229254514,0.722,S_sens099
altura_dossel,FES - FOD,SSdF–DOF,FDR,0.36369912229254514,0.836,S_sens099
altura_dossel,FES - FOM,SSdF–MOF,Bonferroni,0.0685305423151091,0.004,S_sens099
altura_dossel,FES - FOM,SSdF–MOF,FDR,0.0685305423151091,0.018,S_sens099
altura_dossel,FOD - FOM,DOF–MOF,Bonferroni,0.3589735657117439,0.738,S_sens099
altura_dossel,FOD - FOM,DOF–MOF,FDR,0.3589735657117439,0.864,S_sens099
cover,FED - FES,SDF–SSdF,Bonferroni,0.16377133023176932,0.086,S_sens099
cover,FED - FES,SDF–SSdF,FDR,0.16377133023176932,0.184,S_sens099
cover,FED - FOD,SDF–DOF,Bonferroni,0.19142509610915448,0.17,S_sens099
cover,FED - FOD,SDF–DOF,FDR,0.19142509610915448,0.278,S_sens099
cover,FED - FOM,SDF–MOF,Bonferroni,0.1258643499551969,0.046,S_sens099
cover,FED - FOM,SDF–MOF,FDR,0.1258643499551969,0.116,S_sens099
cover,FES - FOD,SSdF–DOF,Bonferroni,0.35897921212215933,0.714,S_sens099
cover,FES - FOD,SSdF–DOF,FDR,0.35897921212215933,0.764,S_sens099
cover,FES - FOM,SSdF–MOF,Bonferroni,0.07824295941285393,0.006,S_sens099
cover,FES - FOM,SSdF–MOF,FDR,0.07824295941285393,0.02,S_sens099
cover,FOD - FOM,DOF–MOF,Bonferroni,0.316073186474782,0.568,S_sens099
cover,FOD - FOM,DOF–MOF,FDR,0.316073186474782,0.664,S_sens099
fhd_normal,FED - FES,SDF–SSdF,Bonferroni,0.4043039591321014,0.864,S_sens099
fhd_normal,FED - FES,SDF–SSdF,FDR,0.4043039591321014,0.95,S_sens099
fhd_normal,FED - FOD,SDF–DOF,Bonferroni,0.0785149770424128,0.002,S_sens099
fhd_normal,FED - FOD,SDF–DOF,FDR,0.0785149770424128,0.028,S_sens099
fhd_normal,FED - FOM,SDF–MOF,Bonferroni,0.3452142171894125,0.68,S_sens099
fhd_normal,FED - FOM,SDF–MOF,FDR,0.3452142171894125,0.836,S_sens099
fhd_normal,FES - FOD,SSdF–DOF,Bonferroni,0.40039294737009246,0.816,S_sens099
fhd_normal,FES - FOD,SSdF–DOF,FDR,0.40039294737009246,0.888,S_sens099
fhd_normal,FES - FOM,SSdF–MOF,Bonferroni,0.0805379988638962,0.014,S_sens099
fhd_normal,FES - FOM,SSdF–MOF,FDR,0.0805379988638962,0.042,S_sens099
fhd_normal,FOD - FOM,DOF–MOF,Bonferroni,0.33617897250942796,0.65,S_sens099
fhd_normal,FOD - FOM,DOF–MOF,FDR,0.33617897250942796,0.8,S_sens099
pai,FED - FES,SDF–SSdF,Bonferroni,0.17564278922645818,0.12,S_sens099
pai,FED - FES,SDF–SSdF,FDR,0.17564278922645818,0.224,S_sens099
pai,FED - FOD,SDF–DOF,Bonferroni,0.16134367912838674,0.134,S_sens099
pai,FED - FOD,SDF–DOF,FDR,0.16134367912838674,0.22,S_sens099
pai,FED - FOM,SDF–MOF,Bonferroni,0.14110904251279577,0.076,S_sens099
pai,FED - FOM,SDF–MOF,FDR,0.14110904251279577,0.154,S_sens099
pai,FES - FOD,SSdF–DOF,Bonferroni,0.3442716693648894,0.682,S_sens099
pai,FES - FOD,SSdF–DOF,FDR,0.3442716693648894,0.734,S_sens099
pai,FES - FOM,SSdF–MOF,Bonferroni,0.07702980846544909,0.004,S_sens099
pai,FES - FOM,SSdF–MOF,FDR,0.07702980846544909,0.018,S_sens099
pai,FOD - FOM,DOF–MOF,Bonferroni,0.3078485063576717,0.554,S_sens099
pai,FOD - FOM,DOF–MOF,FDR,0.3078485063576717,0.644,S_sens099
agbd,FED - FES,SDF–SSdF,Bonferroni,0.40898326785810013,0.932,S_strong_beams
agbd,FED - FES,SDF–SSdF,FDR,0.40898326785810013,0.976,S_strong_beams
agbd,FED - FOD,SDF–DOF,Bonferroni,0.05887130302528592,0.004,S_strong_beams
agbd,FED - FOD,SDF–DOF,FDR,0.05887130302528592,0.026,S_strong_beams
agbd,FED - FOM,SDF–MOF,Bonferroni,0.4267977597572642,0.984,S_strong_beams
agbd,FED - FOM,SDF–MOF,FDR,0.4267977597572642,0.998,S_strong_beams
agbd,FES - FOD,SSdF–DOF,Bonferroni,0.39508462374972153,0.926,S_strong_beams
agbd,FES - FOD,SSdF–DOF,FDR,0.39508462374972153,0.974,S_strong_beams
agbd,FES - FOM,SSdF–MOF,Bonferroni,0.06014888606340057,0.004,S_strong_beams
agbd,FES - FOM,SSdF–MOF,FDR,0.06014888606340057,0.028,S_strong_beams
agbd,FOD - FOM,DOF–MOF,Bonferroni,0.4184871211274176,0.978,S_strong_beams
agbd,FOD - FOM,DOF–MOF,FDR,0.4184871211274176,0.998,S_strong_beams
altura_dossel,FED - FES,SDF–SSdF,Bonferroni,0.4128187952354358,0.942,S_strong_beams
altura_dossel,FED - FES,SDF–SSdF,FDR,0.4128187952354358,0.974,S_strong_beams
altura_dossel,FED - FOD,SDF–DOF,Bonferroni,0.06989482278886053,0.002,S_strong_beams
altura_dossel,FED - FOD,SDF–DOF,FDR,0.06989482278886053,0.046,S_strong_beams
altura_dossel,FED - FOM,SDF–MOF,Bonferroni,0.38190518577427107,0.96,S_strong_beams
altura_dossel,FED - FOM,SDF–MOF,FDR,0.38190518577427107,0.982,S_strong_beams
altura_dossel,FES - FOD,SSdF–DOF,Bonferroni,0.3653686734877204,0.89,S_strong_beams
altura_dossel,FES - FOD,SSdF–DOF,FDR,0.3653686734877204,0.944,S_strong_beams
altura_dossel,FES - FOM,SSdF–MOF,Bonferroni,0.06494228404583227,0.004,S_strong_beams
altura_dossel,FES - FOM,SSdF–MOF,FDR,0.06494228404583227,0.026,S_strong_beams
altura_dossel,FOD - FOM,DOF–MOF,Bonferroni,0.34524129164452066,0.854,S_strong_beams
altura_dossel,FOD - FOM,DOF–MOF,FDR,0.34524129164452066,0.94,S_strong_beams
cover,FED - FES,SDF–SSdF,Bonferroni,0.07436822782009025,0.01,S_strong_beams
cover,FED - FES,SDF–SSdF,FDR,0.07436822782009025,0.044,S_strong_beams
cover,FED - FOD,SDF–DOF,Bonferroni,0.345800566486123,0.85,S_strong_beams
cover,FED - FOD,SDF–DOF,FDR,0.345800566486123,0.924,S_strong_beams
cover,FED - FOM,SDF–MOF,Bonferroni,0.06797749274821611,0.008,S_strong_beams
cover,FED - FOM,SDF–MOF,FDR,0.06797749274821611,0.042,S_strong_beams
cover,FES - FOD,SSdF–DOF,Bonferroni,0.37351749901832226,0.874,S_strong_beams
cover,FES - FOD,SSdF–DOF,FDR,0.37351749901832226,0.928,S_strong_beams
cover,FES - FOM,SSdF–MOF,Bonferroni,0.06869622669037151,0.016,S_strong_beams
cover,FES - FOM,SSdF–MOF,FDR,0.06869622669037151,0.044,S_strong_beams
cover,FOD - FOM,DOF–MOF,Bonferroni,0.40387373695255135,0.962,S_strong_beams
cover,FOD - FOM,DOF–MOF,FDR,0.40387373695255135,0.976,S_strong_beams
fhd_normal,FED - FES,SDF–SSdF,Bonferroni,0.41793326177592144,0.962,S_strong_beams
fhd_normal,FED - FES,SDF–SSdF,FDR,0.41793326177592144,0.982,S_strong_beams
fhd_normal,FED - FOD,SDF–DOF,Bonferroni,0.06765806413608297,0.004,S_strong_beams
fhd_normal,FED - FOD,SDF–DOF,FDR,0.06765806413608297,0.032,S_strong_beams
fhd_normal,FED - FOM,SDF–MOF,Bonferroni,0.37815058489224823,0.944,S_strong_beams
fhd_normal,FED - FOM,SDF–MOF,FDR,0.37815058489224823,0.988,S_strong_beams
fhd_normal,FES - FOD,SSdF–DOF,Bonferroni,0.3979604226561744,0.906,S_strong_beams
fhd_normal,FES - FOD,SSdF–DOF,FDR,0.3979604226561744,0.96,S_strong_beams
fhd_normal,FES - FOM,SSdF–MOF,Bonferroni,0.06717873059057769,0.008,S_strong_beams
fhd_normal,FES - FOM,SSdF–MOF,FDR,0.06717873059057769,0.034,S_strong_beams
fhd_normal,FOD - FOM,DOF–MOF,Bonferroni,0.3561824147716113,0.88,S_strong_beams
fhd_normal,FOD - FOM,DOF–MOF,FDR,0.3561824147716113,0.962,S_strong_beams
pai,FED - FES,SDF–SSdF,Bonferroni,0.07197169782231072,0.01,S_strong_beams
pai,FED - FES,SDF–SSdF,FDR,0.07197169782231072,0.042,S_strong_beams
pai,FED - FOD,SDF–DOF,Bonferroni,0.34540272140707984,0.846,S_strong_beams
pai,FED - FOD,SDF–DOF,FDR,0.34540272140707984,0.914,S_strong_beams
pai,FED - FOM,SDF–MOF,Bonferroni,0.06765798586127836,0.008,S_strong_beams
pai,FED - FOM,SDF–MOF,FDR,0.06765798586127836,0.048,S_strong_beams
pai,FES - FOD,SSdF–DOF,Bonferroni,0.36968167029831245,0.864,S_strong_beams
pai,FES - FOD,SSdF–DOF,FDR,0.36968167029831245,0.926,S_strong_beams
pai,FES - FOM,SSdF–MOF,Bonferroni,0.069175775525017,0.016,S_strong_beams
pai,FES - FOM,SSdF–MOF,FDR,0.069175775525017,0.048,S_strong_beams
pai,FOD - FOM,DOF–MOF,Bonferroni,0.4075457769731642,0.964,S_strong_beams
pai,FOD - FOM,DOF–MOF,FDR,0.4075457769731642,0.974,S_strong_beams
agbd,FED - FES,SDF–SSdF,Bonferroni,0.3904694928618122,0.968,S_night_only
agbd,FED - FES,SDF–SSdF,FDR,0.3904694928618122,0.996,S_night_only
agbd,FED - FOD,SDF–DOF,Bonferroni,0.06067035996389421,0.002,S_night_only
agbd,FED - FOD,SDF–DOF,FDR,0.06067035996389421,0.02,S_night_only
agbd,FED - FOM,SDF–MOF,Bonferroni,0.3036475273875236,0.732,S_night_only
agbd,FED - FOM,SDF–MOF,FDR,0.3036475273875236,0.874,S_night_only
agbd,FES - FOD,SSdF–DOF,Bonferroni,0.3992824373535665,0.95,S_night_only
agbd,FES - FOD,SSdF–DOF,FDR,0.3992824373535665,0.978,S_night_only
agbd,FES - FOM,SSdF–MOF,Bonferroni,0.0894131831268741,0.036,S_night_only
agbd,FES - FOM,SSdF–MOF,FDR,0.0894131831268741,0.114,S_night_only
agbd,FOD - FOM,DOF–MOF,Bonferroni,0.3112050081649978,0.738,S_night_only
agbd,FOD - FOM,DOF–MOF,FDR,0.3112050081649978,0.878,S_night_only
altura_dossel,FED - FES,SDF–SSdF,Bonferroni,0.4506199574171379,0.994,S_night_only
altura_dossel,FED - FES,SDF–SSdF,FDR,0.4506199574171379,1,S_night_only
altura_dossel,FED - FOD,SDF–DOF,Bonferroni,0.10089465650597777,0.044,S_night_only
altura_dossel,FED - FOD,SDF–DOF,FDR,0.10089465650597777,0.14,S_night_only
altura_dossel,FED - FOM,SDF–MOF,Bonferroni,0.4126923431199804,0.982,S_night_only
altura_dossel,FED - FOM,SDF–MOF,FDR,0.4126923431199804,1,S_night_only
altura_dossel,FES - FOD,SSdF–DOF,Bonferroni,0.348169706343203,0.838,S_night_only
altura_dossel,FES - FOD,SSdF–DOF,FDR,0.348169706343203,0.924,S_night_only
altura_dossel,FES - FOM,SSdF–MOF,Bonferroni,0.06296708721835602,0.014,S_night_only
altura_dossel,FES - FOM,SSdF–MOF,FDR,0.06296708721835602,0.024,S_night_only
altura_dossel,FOD - FOM,DOF–MOF,Bonferroni,0.3166110181107286,0.744,S_night_only
altura_dossel,FOD - FOM,DOF–MOF,FDR,0.3166110181107286,0.884,S_night_only
cover,FED - FES,SDF–SSdF,Bonferroni,0.11089580474462074,0.058,S_night_only
cover,FED - FES,SDF–SSdF,FDR,0.11089580474462074,0.138,S_night_only
cover,FED - FOD,SDF–DOF,Bonferroni,0.2403113528524658,0.434,S_night_only
cover,FED - FOD,SDF–DOF,FDR,0.2403113528524658,0.62,S_night_only
cover,FED - FOM,SDF–MOF,Bonferroni,0.09385741201156547,0.02,S_night_only
cover,FED - FOM,SDF–MOF,FDR,0.09385741201156547,0.08,S_night_only
cover,FES - FOD,SSdF–DOF,Bonferroni,0.3469096976407011,0.848,S_night_only
cover,FES - FOD,SSdF–DOF,FDR,0.3469096976407011,0.886,S_night_only
cover,FES - FOM,SSdF–MOF,Bonferroni,0.06652279591827928,0.01,S_night_only
cover,FES - FOM,SSdF–MOF,FDR,0.06652279591827928,0.038,S_night_only
cover,FOD - FOM,DOF–MOF,Bonferroni,0.3249829891860416,0.782,S_night_only
cover,FOD - FOM,DOF–MOF,FDR,0.3249829891860416,0.844,S_night_only
fhd_normal,FED - FES,SDF–SSdF,Bonferroni,0.45217533837932883,0.998,S_night_only
fhd_normal,FED - FES,SDF–SSdF,FDR,0.45217533837932883,1,S_night_only
fhd_normal,FED - FOD,SDF–DOF,Bonferroni,0.08919080268408479,0.036,S_night_only
fhd_normal,FED - FOD,SDF–DOF,FDR,0.08919080268408479,0.104,S_night_only
fhd_normal,FED - FOM,SDF–MOF,Bonferroni,0.3803940372222626,0.952,S_night_only
fhd_normal,FED - FOM,SDF–MOF,FDR,0.3803940372222626,0.988,S_night_only
fhd_normal,FES - FOD,SSdF–DOF,Bonferroni,0.3625425316102603,0.874,S_night_only
fhd_normal,FES - FOD,SSdF–DOF,FDR,0.3625425316102603,0.958,S_night_only
fhd_normal,FES - FOM,SSdF–MOF,Bonferroni,0.07919010050209338,0.02,S_night_only
fhd_normal,FES - FOM,SSdF–MOF,FDR,0.07919010050209338,0.074,S_night_only
fhd_normal,FOD - FOM,DOF–MOF,Bonferroni,0.29475767534351616,0.658,S_night_only
fhd_normal,FOD - FOM,DOF–MOF,FDR,0.29475767534351616,0.832,S_night_only
pai,FED - FES,SDF–SSdF,Bonferroni,0.1070442385189915,0.05,S_night_only
pai,FED - FES,SDF–SSdF,FDR,0.1070442385189915,0.126,S_night_only
pai,FED - FOD,SDF–DOF,Bonferroni,0.24164527548413234,0.442,S_night_only
pai,FED - FOD,SDF–DOF,FDR,0.24164527548413234,0.61,S_night_only
pai,FED - FOM,SDF–MOF,Bonferroni,0.09067217295495505,0.02,S_night_only
pai,FED - FOM,SDF–MOF,FDR,0.09067217295495505,0.076,S_night_only
pai,FES - FOD,SSdF–DOF,Bonferroni,0.3458720322080474,0.854,S_night_only
pai,FES - FOD,SSdF–DOF,FDR,0.3458720322080474,0.89,S_night_only
pai,FES - FOM,SSdF–MOF,Bonferroni,0.06756005119683905,0.01,S_night_only
pai,FES - FOM,SSdF–MOF,FDR,0.06756005119683905,0.036,S_night_only
pai,FOD - FOM,DOF–MOF,Bonferroni,0.3229826732394547,0.788,S_night_only
pai,FOD - FOM,DOF–MOF,FDR,0.3229826732394547,0.848,S_night_only
agbd,FED - FES,SDF–SSdF,Bonferroni,0.45575135798849253,0.984,S_agbd_low_uncert
agbd,FED - FES,SDF–SSdF,FDR,0.45575135798849253,0.998,S_agbd_low_uncert
agbd,FED - FOD,SDF–DOF,Bonferroni,0.06619880827214211,0.008,S_agbd_low_uncert
agbd,FED - FOD,SDF–DOF,FDR,0.06619880827214211,0.034,S_agbd_low_uncert
agbd,FED - FOM,SDF–MOF,Bonferroni,0.3842693037189351,0.946,S_agbd_low_uncert
agbd,FED - FOM,SDF–MOF,FDR,0.3842693037189351,0.982,S_agbd_low_uncert
agbd,FES - FOD,SSdF–DOF,Bonferroni,0.4354026200848005,0.968,S_agbd_low_uncert
agbd,FES - FOD,SSdF–DOF,FDR,0.4354026200848005,0.986,S_agbd_low_uncert
agbd,FES - FOM,SSdF–MOF,Bonferroni,0.08376663686535178,0.024,S_agbd_low_uncert
agbd,FES - FOM,SSdF–MOF,FDR,0.08376663686535178,0.078,S_agbd_low_uncert
agbd,FOD - FOM,DOF–MOF,Bonferroni,0.35941586644310874,0.888,S_agbd_low_uncert
agbd,FOD - FOM,DOF–MOF,FDR,0.35941586644310874,0.966,S_agbd_low_uncert
altura_dossel,FED - FES,SDF–SSdF,Bonferroni,0.468607301101326,0.99,S_agbd_low_uncert
altura_dossel,FED - FES,SDF–SSdF,FDR,0.468607301101326,0.998,S_agbd_low_uncert
altura_dossel,FED - FOD,SDF–DOF,Bonferroni,0.138039971406006,0.12,S_agbd_low_uncert
altura_dossel,FED - FOD,SDF–DOF,FDR,0.138039971406006,0.25,S_agbd_low_uncert
altura_dossel,FED - FOM,SDF–MOF,Bonferroni,0.3909103673940496,0.958,S_agbd_low_uncert
altura_dossel,FED - FOM,SDF–MOF,FDR,0.3909103673940496,0.984,S_agbd_low_uncert
altura_dossel,FES - FOD,SSdF–DOF,Bonferroni,0.3319940417855035,0.778,S_agbd_low_uncert
altura_dossel,FES - FOD,SSdF–DOF,FDR,0.3319940417855035,0.886,S_agbd_low_uncert
altura_dossel,FES - FOM,SSdF–MOF,Bonferroni,0.0791249186106193,0.016,S_agbd_low_uncert
altura_dossel,FES - FOM,SSdF–MOF,FDR,0.0791249186106193,0.07,S_agbd_low_uncert
altura_dossel,FOD - FOM,DOF–MOF,Bonferroni,0.25965482100792103,0.526,S_agbd_low_uncert
altura_dossel,FOD - FOM,DOF–MOF,FDR,0.25965482100792103,0.726,S_agbd_low_uncert
cover,FED - FES,SDF–SSdF,Bonferroni,0.06469975145726353,0.012,S_agbd_low_uncert
cover,FED - FES,SDF–SSdF,FDR,0.06469975145726353,0.038,S_agbd_low_uncert
cover,FED - FOD,SDF–DOF,Bonferroni,0.34842089591213776,0.832,S_agbd_low_uncert
cover,FED - FOD,SDF–DOF,FDR,0.34842089591213776,0.892,S_agbd_low_uncert
cover,FED - FOM,SDF–MOF,Bonferroni,0.06312869328090052,0,S_agbd_low_uncert
cover,FED - FOM,SDF–MOF,FDR,0.06312869328090052,0.022,S_agbd_low_uncert
cover,FES - FOD,SSdF–DOF,Bonferroni,0.3559900035659819,0.85,S_agbd_low_uncert
cover,FES - FOD,SSdF–DOF,FDR,0.3559900035659819,0.898,S_agbd_low_uncert
cover,FES - FOM,SSdF–MOF,Bonferroni,0.07098365352947707,0.006,S_agbd_low_uncert
cover,FES - FOM,SSdF–MOF,FDR,0.07098365352947707,0.032,S_agbd_low_uncert
cover,FOD - FOM,DOF–MOF,Bonferroni,0.3181417419361853,0.776,S_agbd_low_uncert
cover,FOD - FOM,DOF–MOF,FDR,0.3181417419361853,0.862,S_agbd_low_uncert
fhd_normal,FED - FES,SDF–SSdF,Bonferroni,0.44418492952619504,0.984,S_agbd_low_uncert
fhd_normal,FED - FES,SDF–SSdF,FDR,0.44418492952619504,0.994,S_agbd_low_uncert
fhd_normal,FED - FOD,SDF–DOF,Bonferroni,0.08305252559640702,0.03,S_agbd_low_uncert
fhd_normal,FED - FOD,SDF–DOF,FDR,0.08305252559640702,0.092,S_agbd_low_uncert
fhd_normal,FED - FOM,SDF–MOF,Bonferroni,0.33349590058339307,0.882,S_agbd_low_uncert
fhd_normal,FED - FOM,SDF–MOF,FDR,0.33349590058339307,0.946,S_agbd_low_uncert
fhd_normal,FES - FOD,SSdF–DOF,Bonferroni,0.36905896302710395,0.876,S_agbd_low_uncert
fhd_normal,FES - FOD,SSdF–DOF,FDR,0.36905896302710395,0.938,S_agbd_low_uncert
fhd_normal,FES - FOM,SSdF–MOF,Bonferroni,0.10361904043585599,0.042,S_agbd_low_uncert
fhd_normal,FES - FOM,SSdF–MOF,FDR,0.10361904043585599,0.134,S_agbd_low_uncert
fhd_normal,FOD - FOM,DOF–MOF,Bonferroni,0.26815261123199086,0.576,S_agbd_low_uncert
fhd_normal,FOD - FOM,DOF–MOF,FDR,0.26815261123199086,0.754,S_agbd_low_uncert
pai,FED - FES,SDF–SSdF,Bonferroni,0.06548553078602727,0.012,S_agbd_low_uncert
pai,FED - FES,SDF–SSdF,FDR,0.06548553078602727,0.032,S_agbd_low_uncert
pai,FED - FOD,SDF–DOF,Bonferroni,0.35198943044378506,0.83,S_agbd_low_uncert
pai,FED - FOD,SDF–DOF,FDR,0.35198943044378506,0.896,S_agbd_low_uncert
pai,FED - FOM,SDF–MOF,Bonferroni,0.06469943156850555,0,S_agbd_low_uncert
pai,FED - FOM,SDF–MOF,FDR,0.06469943156850555,0.028,S_agbd_low_uncert
pai,FES - FOD,SSdF–DOF,Bonferroni,0.3577751584399642,0.854,S_agbd_low_uncert
pai,FES - FOD,SSdF–DOF,FDR,0.3577751584399642,0.904,S_agbd_low_uncert
pai,FES - FOM,SSdF–MOF,Bonferroni,0.0716978358846927,0.004,S_agbd_low_uncert
pai,FES - FOM,SSdF–MOF,FDR,0.0716978358846927,0.038,S_agbd_low_uncert
pai,FOD - FOM,DOF–MOF,Bonferroni,0.31663949654508705,0.764,S_agbd_low_uncert
pai,FOD - FOM,DOF–MOF,FDR,0.31663949654508705,0.862,S_agbd_low_uncert
