variavel,comparacao,comparacao_en,ajuste,z,N_ref,r,p_adj,p_unadj,scenario
altura_dossel,FED - FES,SDF–SSdF,Bonferroni,5.489693297994281,151,0.4467449048101129,2.415793613509947e-7,4.0263226891832454e-8,S0_no_qc
altura_dossel,FED - FOD,SDF–DOF,Bonferroni,1.062987656303183,193,0.0765155257858471,1,0.2877875491518239,S0_no_qc
altura_dossel,FES - FOD,SSdF–DOF,Bonferroni,-5.6202991804467635,230,0.37059155342289407,1.1437623407303673e-7,1.9062705678839457e-8,S0_no_qc
altura_dossel,FED - FOM,SDF–MOF,Bonferroni,3.601669883969753,117,0.33297449856275335,0.0018970782071272272,3.161797011878712e-4,S0_no_qc
altura_dossel,FES - FOM,SSdF–MOF,Bonferroni,-1.5457108009693115,154,0.12455692591631352,0.7330465652890275,0.12217442754817123,S0_no_qc
altura_dossel,FOD - FOM,DOF–MOF,Bonferroni,3.216116907453746,196,0.22972263624669614,0.0077962732535577835,0.001299378875592964,S0_no_qc
altura_dossel,FED - FES,SDF–SSdF,FDR,5.489693297994281,151,0.4467449048101129,1.2078968067549736e-7,4.0263226891832454e-8,S0_no_qc
altura_dossel,FED - FOD,SDF–DOF,FDR,1.062987656303183,193,0.0765155257858471,0.2877875491518239,0.2877875491518239,S0_no_qc
altura_dossel,FES - FOD,SSdF–DOF,FDR,-5.6202991804467635,230,0.37059155342289407,1.1437623407303673e-7,1.9062705678839457e-8,S0_no_qc
altura_dossel,FED - FOM,SDF–MOF,FDR,3.601669883969753,117,0.33297449856275335,6.323594023757424e-4,3.161797011878712e-4,S0_no_qc
altura_dossel,FES - FOM,SSdF–MOF,FDR,-1.5457108009693115,154,0.12455692591631352,0.14660931305780547,0.12217442754817123,S0_no_qc
altura_dossel,FOD - FOM,DOF–MOF,FDR,3.216116907453746,196,0.22972263624669614,0.0019490683133894459,0.001299378875592964,S0_no_qc
agbd,FED - FES,SDF–SSdF,Bonferroni,4.783047867251207,151,0.38923891521190407,1.0359419322410433e-5,1.7265698870684054e-6,S0_no_qc
agbd,FED - FOD,SDF–DOF,Bonferroni,-0.28549812610562564,193,0.02055060479800664,1,0.7752625398439742,S0_no_qc
agbd,FES - FOD,SSdF–DOF,Bonferroni,-6.322188370830415,230,0.41687275608554986,1.5473084031695142e-9,2.578847338615857e-10,S0_no_qc
agbd,FED - FOM,SDF–MOF,Bonferroni,3.5611060662641796,117,0.32922437228926565,0.0022157751299128068,3.692958549854678e-4,S0_no_qc
agbd,FES - FOM,SSdF–MOF,Bonferroni,-0.8732087285681817,154,0.07036516458676459,1,0.3825493180892694,S0_no_qc
agbd,FOD - FOM,DOF–MOF,Bonferroni,4.540595083679796,196,0.3243282202628426,3.3657404043223344e-5,5.609567340537224e-6,S0_no_qc
agbd,FED - FES,SDF–SSdF,FDR,4.783047867251207,151,0.38923891521190407,5.1797096612052165e-6,1.7265698870684054e-6,S0_no_qc
agbd,FED - FOD,SDF–DOF,FDR,-0.28549812610562564,193,0.02055060479800664,0.7752625398439742,0.7752625398439742,S0_no_qc
agbd,FES - FOD,SSdF–DOF,FDR,-6.322188370830415,230,0.41687275608554986,1.5473084031695142e-9,2.578847338615857e-10,S0_no_qc
agbd,FED - FOM,SDF–MOF,FDR,3.5611060662641796,117,0.32922437228926565,5.539437824782017e-4,3.692958549854678e-4,S0_no_qc
agbd,FES - FOM,SSdF–MOF,FDR,-0.8732087285681817,154,0.07036516458676459,0.45905918170712323,0.3825493180892694,S0_no_qc
agbd,FOD - FOM,DOF–MOF,FDR,4.540595083679796,196,0.3243282202628426,1.1219134681074448e-5,5.609567340537224e-6,S0_no_qc
pai,FED - FES,SDF–SSdF,Bonferroni,0.33742455081325123,151,0.02745922051578665,1,0.7357968798510621,S0_no_qc
pai,FED - FOD,SDF–DOF,Bonferroni,-4.456707980705803,193,0.32080086009994463,4.9936711731586025e-5,8.322785288597671e-6,S0_no_qc
pai,FES - FOD,SSdF–DOF,Bonferroni,-5.665016755052353,230,0.37354014297414856,8.820610242105992e-8,1.4701017070176654e-8,S0_no_qc
pai,FED - FOM,SDF–MOF,Bonferroni,-0.21775867640078506,117,0.02013179675487694,1,0.8276171433409396,S0_no_qc
pai,FES - FOM,SSdF–MOF,Bonferroni,-0.5865460561488159,154,0.0472652281503236,1,0.5575086210490791,S0_no_qc
pai,FOD - FOM,DOF–MOF,Bonferroni,4.277477737032658,196,0.3055341240737613,1.1341371327176704e-4,1.8902285545294508e-5,S0_no_qc
pai,FED - FES,SDF–SSdF,FDR,0.33742455081325123,151,0.02745922051578665,0.8829562558212746,0.7357968798510621,S0_no_qc
pai,FED - FOD,SDF–DOF,FDR,-4.456707980705803,193,0.32080086009994463,2.4968355865793013e-5,8.322785288597671e-6,S0_no_qc
pai,FES - FOD,SSdF–DOF,FDR,-5.665016755052353,230,0.37354014297414856,8.820610242105992e-8,1.4701017070176654e-8,S0_no_qc
pai,FED - FOM,SDF–MOF,FDR,-0.21775867640078506,117,0.02013179675487694,0.8276171433409396,0.8276171433409396,S0_no_qc
pai,FES - FOM,SSdF–MOF,FDR,-0.5865460561488159,154,0.0472652281503236,0.8362629315736185,0.5575086210490791,S0_no_qc
pai,FOD - FOM,DOF–MOF,FDR,4.277477737032658,196,0.3055341240737613,3.7804571090589016e-5,1.8902285545294508e-5,S0_no_qc
cover,FED - FES,SDF–SSdF,Bonferroni,0.36169571176316256,151,0.02943437958198816,1,0.717579431925391,S0_no_qc
cover,FED - FOD,SDF–DOF,Bonferroni,-4.412234135421388,193,0.31759956266673633,6.138563242336291e-5,1.0230938737227153e-5,S0_no_qc
cover,FES - FOD,SSdF–DOF,Bonferroni,-5.643076540990797,230,0.3720934481007172,1.002228244382454e-7,1.67038040730409e-8,S0_no_qc
cover,FED - FOM,SDF–MOF,Bonferroni,-0.15781121620187205,117,0.014589652098953413,1,0.8746055601616373,S0_no_qc
cover,FES - FOM,SSdF–MOF,Bonferroni,-0.5441028664413521,154,0.043845058457047593,1,0.5863706880591479,S0_no_qc
cover,FOD - FOM,DOF–MOF,Bonferroni,4.303742176787849,196,0.30741015548484635,1.0076225181548429e-4,1.6793708635914048e-5,S0_no_qc
cover,FED - FES,SDF–SSdF,FDR,0.36169571176316256,151,0.02943437958198816,0.8610953183104691,0.717579431925391,S0_no_qc
cover,FED - FOD,SDF–DOF,FDR,-4.412234135421388,193,0.31759956266673633,3.069281621168146e-5,1.0230938737227153e-5,S0_no_qc
cover,FES - FOD,SSdF–DOF,FDR,-5.643076540990797,230,0.3720934481007172,1.002228244382454e-7,1.67038040730409e-8,S0_no_qc
cover,FED - FOM,SDF–MOF,FDR,-0.15781121620187205,117,0.014589652098953413,0.8746055601616373,0.8746055601616373,S0_no_qc
cover,FES - FOM,SSdF–MOF,FDR,-0.5441028664413521,154,0.043845058457047593,0.8795560320887219,0.5863706880591479,S0_no_qc
cover,FOD - FOM,DOF–MOF,FDR,4.303742176787849,196,0.30741015548484635,3.3587417271828095e-5,1.6793708635914048e-5,S0_no_qc
fhd_normal,FED - FES,SDF–SSdF,Bonferroni,5.434634335620234,151,0.4422642699969214,3.2945350241889456e-7,5.490891706981576e-8,S0_no_qc
fhd_normal,FED - FOD,SDF–DOF,Bonferroni,0.8434790345530501,193,0.06071494944975878,1,0.39896058634490944,S0_no_qc
fhd_normal,FES - FOD,SSdF–DOF,Bonferroni,-5.809610555831106,230,0.38307437585490756,3.7570999398164866e-8,6.261833233027478e-9,S0_no_qc
fhd_normal,FED - FOM,SDF–MOF,Bonferroni,3.5302340698052754,117,0.32637025520699586,0.0024911530086518746,4.1519216810864576e-4,S0_no_qc
fhd_normal,FES - FOM,SSdF–MOF,Bonferroni,-1.5697348443369934,154,0.12649283849975548,0.6988608676331102,0.11647681127218502,S0_no_qc
fhd_normal,FOD - FOM,DOF–MOF,Bonferroni,3.3543441630200808,196,0.23959601164429148,0.004773200940495357,7.955334900825595e-4,S0_no_qc
fhd_normal,FED - FES,SDF–SSdF,FDR,5.434634335620234,151,0.4422642699969214,1.6472675120944728e-7,5.490891706981576e-8,S0_no_qc
fhd_normal,FED - FOD,SDF–DOF,FDR,0.8434790345530501,193,0.06071494944975878,0.39896058634490944,0.39896058634490944,S0_no_qc
fhd_normal,FES - FOD,SSdF–DOF,FDR,-5.809610555831106,230,0.38307437585490756,3.7570999398164866e-8,6.261833233027478e-9,S0_no_qc
fhd_normal,FED - FOM,SDF–MOF,FDR,3.5302340698052754,117,0.32637025520699586,8.303843362172915e-4,4.1519216810864576e-4,S0_no_qc
fhd_normal,FES - FOM,SSdF–MOF,FDR,-1.5697348443369934,154,0.12649283849975548,0.13977217352662202,0.11647681127218502,S0_no_qc
fhd_normal,FOD - FOM,DOF–MOF,FDR,3.3543441630200808,196,0.23959601164429148,0.0011933002351238392,7.955334900825595e-4,S0_no_qc
altura_dossel,FED - FES,SDF–SSdF,Bonferroni,5.449793296264159,146,0.4510281023653927,3.0257037454573123e-7,5.042839575762187e-8,S1_baseline
altura_dossel,FED - FOD,SDF–DOF,Bonferroni,1.3696293087788,192,0.09884448126418016,1,0.17080264577485277,S1_baseline
altura_dossel,FES - FOD,SSdF–DOF,Bonferroni,-5.225785984588465,226,0.34761411290383043,1.0405011195362777e-6,1.7341685325604627e-7,S1_baseline
altura_dossel,FED - FOM,SDF–MOF,Bonferroni,3.965395559338145,116,0.3681777346985383,4.396459868604495e-4,7.327433114340824e-5,S1_baseline
altura_dossel,FES - FOM,SSdF–MOF,Bonferroni,-1.144587592737742,150,0.09345518560426629,1,0.25238003430634953,S1_baseline
altura_dossel,FOD - FOM,DOF–MOF,Bonferroni,3.350880804725132,196,0.239348628908938,0.004833298065508019,8.055496775846698e-4,S1_baseline
altura_dossel,FED - FES,SDF–SSdF,FDR,5.449793296264159,146,0.4510281023653927,3.0257037454573123e-7,5.042839575762187e-8,S1_baseline
altura_dossel,FED - FOD,SDF–DOF,FDR,1.3696293087788,192,0.09884448126418016,0.20496317492982333,0.17080264577485277,S1_baseline
altura_dossel,FES - FOD,SSdF–DOF,FDR,-5.225785984588465,226,0.34761411290383043,5.202505597681388e-7,1.7341685325604627e-7,S1_baseline
altura_dossel,FED - FOM,SDF–MOF,FDR,3.965395559338145,116,0.3681777346985383,1.465486622868165e-4,7.327433114340824e-5,S1_baseline
altura_dossel,FES - FOM,SSdF–MOF,FDR,-1.144587592737742,150,0.09345518560426629,0.25238003430634953,0.25238003430634953,S1_baseline
altura_dossel,FOD - FOM,DOF–MOF,FDR,3.350880804725132,196,0.239348628908938,0.0012083245163770047,8.055496775846698e-4,S1_baseline
agbd,FED - FES,SDF–SSdF,Bonferroni,4.783407703682707,146,0.3958776383153739,1.0340882872463955e-5,1.7234804787439925e-6,S1_baseline
agbd,FED - FOD,SDF–DOF,Bonferroni,0.08062940627673446,192,0.005818926177309043,1,0.9357366795080138,S1_baseline
agbd,FES - FOD,SSdF–DOF,Bonferroni,-5.8972785218905255,226,0.39228113205926185,2.2172747545079345e-8,3.6954579241798907e-9,S1_baseline
agbd,FED - FOM,SDF–MOF,Bonferroni,3.9259308270914968,116,0.36451352629823425,5.183698983574564e-4,8.639498305957607e-5,S1_baseline
agbd,FES - FOM,SSdF–MOF,Bonferroni,-0.5080687782785792,150,0.04148364203405869,1,0.6114051100336206,S1_baseline
agbd,FOD - FOM,DOF–MOF,Bonferroni,4.624124018457887,196,0.3302945727469919,2.2571085241508843e-5,3.7618475402514737e-6,S1_baseline
agbd,FED - FES,SDF–SSdF,FDR,4.783407703682707,146,0.3958776383153739,5.170441436231977e-6,1.7234804787439925e-6,S1_baseline
agbd,FED - FOD,SDF–DOF,FDR,0.08062940627673446,192,0.005818926177309043,0.9357366795080138,0.9357366795080138,S1_baseline
agbd,FES - FOD,SSdF–DOF,FDR,-5.8972785218905255,226,0.39228113205926185,2.2172747545079345e-8,3.6954579241798907e-9,S1_baseline
agbd,FED - FOM,SDF–MOF,FDR,3.9259308270914968,116,0.36451352629823425,1.295924745893641e-4,8.639498305957607e-5,S1_baseline
agbd,FES - FOM,SSdF–MOF,FDR,-0.5080687782785792,150,0.04148364203405869,0.7336861320403447,0.6114051100336206,S1_baseline
agbd,FOD - FOM,DOF–MOF,FDR,4.624124018457887,196,0.3302945727469919,7.523695080502947e-6,3.7618475402514737e-6,S1_baseline
pai,FED - FES,SDF–SSdF,Bonferroni,-0.028722093908637433,146,0.002377057405177854,1,0.9770862352445244,S1_baseline
pai,FED - FOD,SDF–DOF,Bonferroni,-4.283863774812464,192,0.3091612379449578,1.1020523815423032e-4,1.836753969237172e-5,S1_baseline
pai,FES - FOD,SSdF–DOF,Bonferroni,-4.969660188224624,226,0.3305768783600941,4.024220449548634e-6,6.707034082581056e-7,S1_baseline
pai,FED - FOM,SDF–MOF,Bonferroni,0.03719664418649673,116,0.0034536217106314903,1,0.9703282143136425,S1_baseline
pai,FES - FOM,SSdF–MOF,Bonferroni,0.0707992325404783,150,0.005780733130160754,1,0.9435575426376726,S1_baseline
pai,FOD - FOM,DOF–MOF,Bonferroni,4.433334276323214,196,0.31666673402308676,5.567210077017896e-5,9.278683461696494e-6,S1_baseline
pai,FED - FES,SDF–SSdF,FDR,-0.028722093908637433,146,0.002377057405177854,0.9770862352445244,0.9770862352445244,S1_baseline
pai,FED - FOD,SDF–DOF,FDR,-4.283863774812464,192,0.3091612379449578,3.673507938474344e-5,1.836753969237172e-5,S1_baseline
pai,FES - FOD,SSdF–DOF,FDR,-4.969660188224624,226,0.3305768783600941,4.024220449548634e-6,6.707034082581056e-7,S1_baseline
pai,FED - FOM,SDF–MOF,FDR,0.03719664418649673,116,0.0034536217106314903,1,0.9703282143136425,S1_baseline
pai,FES - FOM,SSdF–MOF,FDR,0.0707992325404783,150,0.005780733130160754,1,0.9435575426376726,S1_baseline
pai,FOD - FOM,DOF–MOF,FDR,4.433334276323214,196,0.31666673402308676,2.783605038508948e-5,9.278683461696494e-6,S1_baseline
cover,FED - FES,SDF–SSdF,Bonferroni,-0.022331545920754977,146,0.0018481718905611008,1,0.9821834851464948,S1_baseline
cover,FED - FOD,SDF–DOF,Bonferroni,-4.273224707926156,192,0.30839342942861575,1.1559967053698591e-4,1.926661175616432e-5,S1_baseline
cover,FES - FOD,SSdF–DOF,Bonferroni,-4.96523311239593,226,0.3302823936564557,4.117115854188275e-6,6.861859756980458e-7,S1_baseline
cover,FED - FOM,SDF–MOF,Bonferroni,0.06875546948061512,116,0.006383785078362397,1,0.9451842643669593,S1_baseline
cover,FES - FOM,SSdF–MOF,Bonferroni,0.09945606475924396,150,0.00812055368284492,1,0.9207761701282795,S1_baseline
cover,FOD - FOM,DOF–MOF,Bonferroni,4.460270051453562,196,0.3185907179609687,4.9113866155039025e-5,8.185644359173171e-6,S1_baseline
cover,FED - FES,SDF–SSdF,FDR,-0.022331545920754977,146,0.0018481718905611008,0.9821834851464948,0.9821834851464948,S1_baseline
cover,FED - FOD,SDF–DOF,FDR,-4.273224707926156,192,0.30839342942861575,3.853322351232864e-5,1.926661175616432e-5,S1_baseline
cover,FES - FOD,SSdF–DOF,FDR,-4.96523311239593,226,0.3302823936564557,4.117115854188275e-6,6.861859756980458e-7,S1_baseline
cover,FED - FOM,SDF–MOF,FDR,0.06875546948061512,116,0.006383785078362397,1,0.9451842643669593,S1_baseline
cover,FES - FOM,SSdF–MOF,FDR,0.09945606475924396,150,0.00812055368284492,1,0.9207761701282795,S1_baseline
cover,FOD - FOM,DOF–MOF,FDR,4.460270051453562,196,0.3185907179609687,2.4556933077519512e-5,8.185644359173171e-6,S1_baseline
fhd_normal,FED - FES,SDF–SSdF,Bonferroni,5.2626280587002325,146,0.43553819709043606,8.520641044137117e-7,1.4201068406895195e-7,S1_baseline
fhd_normal,FED - FOD,SDF–DOF,Bonferroni,1.0404204466364524,192,0.07508587811699331,1,0.2981446063798529,S1_baseline
fhd_normal,FES - FOD,SSdF–DOF,Bonferroni,-5.376026829950664,226,0.35760798527757925,4.5688469919725396e-7,7.614744986620899e-8,S1_baseline
fhd_normal,FED - FOM,SDF–MOF,Bonferroni,3.7243950023179697,116,0.3458013947301786,0.0011747050512017608,1.9578417520029346e-4,S1_baseline
fhd_normal,FES - FOM,SSdF–MOF,Bonferroni,-1.2221296093296947,150,0.09978646474682333,1,0.22165861758131566,S1_baseline
fhd_normal,FOD - FOM,DOF–MOF,Bonferroni,3.399218044893726,196,0.24280128892098043,0.004054729051701978,6.75788175283663e-4,S1_baseline
fhd_normal,FED - FES,SDF–SSdF,FDR,5.2626280587002325,146,0.43553819709043606,4.2603205220685586e-7,1.4201068406895195e-7,S1_baseline
fhd_normal,FED - FOD,SDF–DOF,FDR,1.0404204466364524,192,0.07508587811699331,0.2981446063798529,0.2981446063798529,S1_baseline
fhd_normal,FES - FOD,SSdF–DOF,FDR,-5.376026829950664,226,0.35760798527757925,4.5688469919725396e-7,7.614744986620899e-8,S1_baseline
fhd_normal,FED - FOM,SDF–MOF,FDR,3.7243950023179697,116,0.3458013947301786,3.915683504005869e-4,1.9578417520029346e-4,S1_baseline
fhd_normal,FES - FOM,SSdF–MOF,FDR,-1.2221296093296947,150,0.09978646474682333,0.2659903410975788,0.22165861758131566,S1_baseline
fhd_normal,FOD - FOM,DOF–MOF,FDR,3.399218044893726,196,0.24280128892098043,0.0010136822629254944,6.75788175283663e-4,S1_baseline
altura_dossel,FED - FES,SDF–SSdF,Bonferroni,5.449793296264159,146,0.4510281023653927,3.0257037454573123e-7,5.042839575762187e-8,S_sens080
altura_dossel,FED - FOD,SDF–DOF,Bonferroni,1.3696293087788,192,0.09884448126418016,1,0.17080264577485277,S_sens080
altura_dossel,FES - FOD,SSdF–DOF,Bonferroni,-5.225785984588465,226,0.34761411290383043,1.0405011195362777e-6,1.7341685325604627e-7,S_sens080
altura_dossel,FED - FOM,SDF–MOF,Bonferroni,3.965395559338145,116,0.3681777346985383,4.396459868604495e-4,7.327433114340824e-5,S_sens080
altura_dossel,FES - FOM,SSdF–MOF,Bonferroni,-1.144587592737742,150,0.09345518560426629,1,0.25238003430634953,S_sens080
altura_dossel,FOD - FOM,DOF–MOF,Bonferroni,3.350880804725132,196,0.239348628908938,0.004833298065508019,8.055496775846698e-4,S_sens080
altura_dossel,FED - FES,SDF–SSdF,FDR,5.449793296264159,146,0.4510281023653927,3.0257037454573123e-7,5.042839575762187e-8,S_sens080
altura_dossel,FED - FOD,SDF–DOF,FDR,1.3696293087788,192,0.09884448126418016,0.20496317492982333,0.17080264577485277,S_sens080
altura_dossel,FES - FOD,SSdF–DOF,FDR,-5.225785984588465,226,0.34761411290383043,5.202505597681388e-7,1.7341685325604627e-7,S_sens080
altura_dossel,FED - FOM,SDF–MOF,FDR,3.965395559338145,116,0.3681777346985383,1.465486622868165e-4,7.327433114340824e-5,S_sens080
altura_dossel,FES - FOM,SSdF–MOF,FDR,-1.144587592737742,150,0.09345518560426629,0.25238003430634953,0.25238003430634953,S_sens080
altura_dossel,FOD - FOM,DOF–MOF,FDR,3.350880804725132,196,0.239348628908938,0.0012083245163770047,8.055496775846698e-4,S_sens080
agbd,FED - FES,SDF–SSdF,Bonferroni,4.783407703682707,146,0.3958776383153739,1.0340882872463955e-5,1.7234804787439925e-6,S_sens080
agbd,FED - FOD,SDF–DOF,Bonferroni,0.08062940627673446,192,0.005818926177309043,1,0.9357366795080138,S_sens080
agbd,FES - FOD,SSdF–DOF,Bonferroni,-5.8972785218905255,226,0.39228113205926185,2.2172747545079345e-8,3.6954579241798907e-9,S_sens080
agbd,FED - FOM,SDF–MOF,Bonferroni,3.9259308270914968,116,0.36451352629823425,5.183698983574564e-4,8.639498305957607e-5,S_sens080
agbd,FES - FOM,SSdF–MOF,Bonferroni,-0.5080687782785792,150,0.04148364203405869,1,0.6114051100336206,S_sens080
agbd,FOD - FOM,DOF–MOF,Bonferroni,4.624124018457887,196,0.3302945727469919,2.2571085241508843e-5,3.7618475402514737e-6,S_sens080
agbd,FED - FES,SDF–SSdF,FDR,4.783407703682707,146,0.3958776383153739,5.170441436231977e-6,1.7234804787439925e-6,S_sens080
agbd,FED - FOD,SDF–DOF,FDR,0.08062940627673446,192,0.005818926177309043,0.9357366795080138,0.9357366795080138,S_sens080
agbd,FES - FOD,SSdF–DOF,FDR,-5.8972785218905255,226,0.39228113205926185,2.2172747545079345e-8,3.6954579241798907e-9,S_sens080
agbd,FED - FOM,SDF–MOF,FDR,3.9259308270914968,116,0.36451352629823425,1.295924745893641e-4,8.639498305957607e-5,S_sens080
agbd,FES - FOM,SSdF–MOF,FDR,-0.5080687782785792,150,0.04148364203405869,0.7336861320403447,0.6114051100336206,S_sens080
agbd,FOD - FOM,DOF–MOF,FDR,4.624124018457887,196,0.3302945727469919,7.523695080502947e-6,3.7618475402514737e-6,S_sens080
pai,FED - FES,SDF–SSdF,Bonferroni,-0.028722093908637433,146,0.002377057405177854,1,0.9770862352445244,S_sens080
pai,FED - FOD,SDF–DOF,Bonferroni,-4.283863774812464,192,0.3091612379449578,1.1020523815423032e-4,1.836753969237172e-5,S_sens080
pai,FES - FOD,SSdF–DOF,Bonferroni,-4.969660188224624,226,0.3305768783600941,4.024220449548634e-6,6.707034082581056e-7,S_sens080
pai,FED - FOM,SDF–MOF,Bonferroni,0.03719664418649673,116,0.0034536217106314903,1,0.9703282143136425,S_sens080
pai,FES - FOM,SSdF–MOF,Bonferroni,0.0707992325404783,150,0.005780733130160754,1,0.9435575426376726,S_sens080
pai,FOD - FOM,DOF–MOF,Bonferroni,4.433334276323214,196,0.31666673402308676,5.567210077017896e-5,9.278683461696494e-6,S_sens080
pai,FED - FES,SDF–SSdF,FDR,-0.028722093908637433,146,0.002377057405177854,0.9770862352445244,0.9770862352445244,S_sens080
pai,FED - FOD,SDF–DOF,FDR,-4.283863774812464,192,0.3091612379449578,3.673507938474344e-5,1.836753969237172e-5,S_sens080
pai,FES - FOD,SSdF–DOF,FDR,-4.969660188224624,226,0.3305768783600941,4.024220449548634e-6,6.707034082581056e-7,S_sens080
pai,FED - FOM,SDF–MOF,FDR,0.03719664418649673,116,0.0034536217106314903,1,0.9703282143136425,S_sens080
pai,FES - FOM,SSdF–MOF,FDR,0.0707992325404783,150,0.005780733130160754,1,0.9435575426376726,S_sens080
pai,FOD - FOM,DOF–MOF,FDR,4.433334276323214,196,0.31666673402308676,2.783605038508948e-5,9.278683461696494e-6,S_sens080
cover,FED - FES,SDF–SSdF,Bonferroni,-0.022331545920754977,146,0.0018481718905611008,1,0.9821834851464948,S_sens080
cover,FED - FOD,SDF–DOF,Bonferroni,-4.273224707926156,192,0.30839342942861575,1.1559967053698591e-4,1.926661175616432e-5,S_sens080
cover,FES - FOD,SSdF–DOF,Bonferroni,-4.96523311239593,226,0.3302823936564557,4.117115854188275e-6,6.861859756980458e-7,S_sens080
cover,FED - FOM,SDF–MOF,Bonferroni,0.06875546948061512,116,0.006383785078362397,1,0.9451842643669593,S_sens080
cover,FES - FOM,SSdF–MOF,Bonferroni,0.09945606475924396,150,0.00812055368284492,1,0.9207761701282795,S_sens080
cover,FOD - FOM,DOF–MOF,Bonferroni,4.460270051453562,196,0.3185907179609687,4.9113866155039025e-5,8.185644359173171e-6,S_sens080
cover,FED - FES,SDF–SSdF,FDR,-0.022331545920754977,146,0.0018481718905611008,0.9821834851464948,0.9821834851464948,S_sens080
cover,FED - FOD,SDF–DOF,FDR,-4.273224707926156,192,0.30839342942861575,3.853322351232864e-5,1.926661175616432e-5,S_sens080
cover,FES - FOD,SSdF–DOF,FDR,-4.96523311239593,226,0.3302823936564557,4.117115854188275e-6,6.861859756980458e-7,S_sens080
cover,FED - FOM,SDF–MOF,FDR,0.06875546948061512,116,0.006383785078362397,1,0.9451842643669593,S_sens080
cover,FES - FOM,SSdF–MOF,FDR,0.09945606475924396,150,0.00812055368284492,1,0.9207761701282795,S_sens080
cover,FOD - FOM,DOF–MOF,FDR,4.460270051453562,196,0.3185907179609687,2.4556933077519512e-5,8.185644359173171e-6,S_sens080
fhd_normal,FED - FES,SDF–SSdF,Bonferroni,5.2626280587002325,146,0.43553819709043606,8.520641044137117e-7,1.4201068406895195e-7,S_sens080
fhd_normal,FED - FOD,SDF–DOF,Bonferroni,1.0404204466364524,192,0.07508587811699331,1,0.2981446063798529,S_sens080
fhd_normal,FES - FOD,SSdF–DOF,Bonferroni,-5.376026829950664,226,0.35760798527757925,4.5688469919725396e-7,7.614744986620899e-8,S_sens080
fhd_normal,FED - FOM,SDF–MOF,Bonferroni,3.7243950023179697,116,0.3458013947301786,0.0011747050512017608,1.9578417520029346e-4,S_sens080
fhd_normal,FES - FOM,SSdF–MOF,Bonferroni,-1.2221296093296947,150,0.09978646474682333,1,0.22165861758131566,S_sens080
fhd_normal,FOD - FOM,DOF–MOF,Bonferroni,3.399218044893726,196,0.24280128892098043,0.004054729051701978,6.75788175283663e-4,S_sens080
fhd_normal,FED - FES,SDF–SSdF,FDR,5.2626280587002325,146,0.43553819709043606,4.2603205220685586e-7,1.4201068406895195e-7,S_sens080
fhd_normal,FED - FOD,SDF–DOF,FDR,1.0404204466364524,192,0.07508587811699331,0.2981446063798529,0.2981446063798529,S_sens080
fhd_normal,FES - FOD,SSdF–DOF,FDR,-5.376026829950664,226,0.35760798527757925,4.5688469919725396e-7,7.614744986620899e-8,S_sens080
fhd_normal,FED - FOM,SDF–MOF,FDR,3.7243950023179697,116,0.3458013947301786,3.915683504005869e-4,1.9578417520029346e-4,S_sens080
fhd_normal,FES - FOM,SSdF–MOF,FDR,-1.2221296093296947,150,0.09978646474682333,0.2659903410975788,0.22165861758131566,S_sens080
fhd_normal,FOD - FOM,DOF–MOF,FDR,3.399218044893726,196,0.24280128892098043,0.0010136822629254944,6.75788175283663e-4,S_sens080
altura_dossel,FED - FES,SDF–SSdF,Bonferroni,5.449793296264159,146,0.4510281023653927,3.0257037454573123e-7,5.042839575762187e-8,S_sens090
altura_dossel,FED - FOD,SDF–DOF,Bonferroni,1.3696293087788,192,0.09884448126418016,1,0.17080264577485277,S_sens090
altura_dossel,FES - FOD,SSdF–DOF,Bonferroni,-5.225785984588465,226,0.34761411290383043,1.0405011195362777e-6,1.7341685325604627e-7,S_sens090
altura_dossel,FED - FOM,SDF–MOF,Bonferroni,3.965395559338145,116,0.3681777346985383,4.396459868604495e-4,7.327433114340824e-5,S_sens090
altura_dossel,FES - FOM,SSdF–MOF,Bonferroni,-1.144587592737742,150,0.09345518560426629,1,0.25238003430634953,S_sens090
altura_dossel,FOD - FOM,DOF–MOF,Bonferroni,3.350880804725132,196,0.239348628908938,0.004833298065508019,8.055496775846698e-4,S_sens090
altura_dossel,FED - FES,SDF–SSdF,FDR,5.449793296264159,146,0.4510281023653927,3.0257037454573123e-7,5.042839575762187e-8,S_sens090
altura_dossel,FED - FOD,SDF–DOF,FDR,1.3696293087788,192,0.09884448126418016,0.20496317492982333,0.17080264577485277,S_sens090
altura_dossel,FES - FOD,SSdF–DOF,FDR,-5.225785984588465,226,0.34761411290383043,5.202505597681388e-7,1.7341685325604627e-7,S_sens090
altura_dossel,FED - FOM,SDF–MOF,FDR,3.965395559338145,116,0.3681777346985383,1.465486622868165e-4,7.327433114340824e-5,S_sens090
altura_dossel,FES - FOM,SSdF–MOF,FDR,-1.144587592737742,150,0.09345518560426629,0.25238003430634953,0.25238003430634953,S_sens090
altura_dossel,FOD - FOM,DOF–MOF,FDR,3.350880804725132,196,0.239348628908938,0.0012083245163770047,8.055496775846698e-4,S_sens090
agbd,FED - FES,SDF–SSdF,Bonferroni,4.783407703682707,146,0.3958776383153739,1.0340882872463955e-5,1.7234804787439925e-6,S_sens090
agbd,FED - FOD,SDF–DOF,Bonferroni,0.08062940627673446,192,0.005818926177309043,1,0.9357366795080138,S_sens090
agbd,FES - FOD,SSdF–DOF,Bonferroni,-5.8972785218905255,226,0.39228113205926185,2.2172747545079345e-8,3.6954579241798907e-9,S_sens090
agbd,FED - FOM,SDF–MOF,Bonferroni,3.9259308270914968,116,0.36451352629823425,5.183698983574564e-4,8.639498305957607e-5,S_sens090
agbd,FES - FOM,SSdF–MOF,Bonferroni,-0.5080687782785792,150,0.04148364203405869,1,0.6114051100336206,S_sens090
agbd,FOD - FOM,DOF–MOF,Bonferroni,4.624124018457887,196,0.3302945727469919,2.2571085241508843e-5,3.7618475402514737e-6,S_sens090
agbd,FED - FES,SDF–SSdF,FDR,4.783407703682707,146,0.3958776383153739,5.170441436231977e-6,1.7234804787439925e-6,S_sens090
agbd,FED - FOD,SDF–DOF,FDR,0.08062940627673446,192,0.005818926177309043,0.9357366795080138,0.9357366795080138,S_sens090
agbd,FES - FOD,SSdF–DOF,FDR,-5.8972785218905255,226,0.39228113205926185,2.2172747545079345e-8,3.6954579241798907e-9,S_sens090
agbd,FED - FOM,SDF–MOF,FDR,3.9259308270914968,116,0.36451352629823425,1.295924745893641e-4,8.639498305957607e-5,S_sens090
agbd,FES - FOM,SSdF–MOF,FDR,-0.5080687782785792,150,0.04148364203405869,0.7336861320403447,0.6114051100336206,S_sens090
agbd,FOD - FOM,DOF–MOF,FDR,4.624124018457887,196,0.3302945727469919,7.523695080502947e-6,3.7618475402514737e-6,S_sens090
pai,FED - FES,SDF–SSdF,Bonferroni,-0.028722093908637433,146,0.002377057405177854,1,0.9770862352445244,S_sens090
pai,FED - FOD,SDF–DOF,Bonferroni,-4.283863774812464,192,0.3091612379449578,1.1020523815423032e-4,1.836753969237172e-5,S_sens090
pai,FES - FOD,SSdF–DOF,Bonferroni,-4.969660188224624,226,0.3305768783600941,4.024220449548634e-6,6.707034082581056e-7,S_sens090
pai,FED - FOM,SDF–MOF,Bonferroni,0.03719664418649673,116,0.0034536217106314903,1,0.9703282143136425,S_sens090
pai,FES - FOM,SSdF–MOF,Bonferroni,0.0707992325404783,150,0.005780733130160754,1,0.9435575426376726,S_sens090
pai,FOD - FOM,DOF–MOF,Bonferroni,4.433334276323214,196,0.31666673402308676,5.567210077017896e-5,9.278683461696494e-6,S_sens090
pai,FED - FES,SDF–SSdF,FDR,-0.028722093908637433,146,0.002377057405177854,0.9770862352445244,0.9770862352445244,S_sens090
pai,FED - FOD,SDF–DOF,FDR,-4.283863774812464,192,0.3091612379449578,3.673507938474344e-5,1.836753969237172e-5,S_sens090
pai,FES - FOD,SSdF–DOF,FDR,-4.969660188224624,226,0.3305768783600941,4.024220449548634e-6,6.707034082581056e-7,S_sens090
pai,FED - FOM,SDF–MOF,FDR,0.03719664418649673,116,0.0034536217106314903,1,0.9703282143136425,S_sens090
pai,FES - FOM,SSdF–MOF,FDR,0.0707992325404783,150,0.005780733130160754,1,0.9435575426376726,S_sens090
pai,FOD - FOM,DOF–MOF,FDR,4.433334276323214,196,0.31666673402308676,2.783605038508948e-5,9.278683461696494e-6,S_sens090
cover,FED - FES,SDF–SSdF,Bonferroni,-0.022331545920754977,146,0.0018481718905611008,1,0.9821834851464948,S_sens090
cover,FED - FOD,SDF–DOF,Bonferroni,-4.273224707926156,192,0.30839342942861575,1.1559967053698591e-4,1.926661175616432e-5,S_sens090
cover,FES - FOD,SSdF–DOF,Bonferroni,-4.96523311239593,226,0.3302823936564557,4.117115854188275e-6,6.861859756980458e-7,S_sens090
cover,FED - FOM,SDF–MOF,Bonferroni,0.06875546948061512,116,0.006383785078362397,1,0.9451842643669593,S_sens090
cover,FES - FOM,SSdF–MOF,Bonferroni,0.09945606475924396,150,0.00812055368284492,1,0.9207761701282795,S_sens090
cover,FOD - FOM,DOF–MOF,Bonferroni,4.460270051453562,196,0.3185907179609687,4.9113866155039025e-5,8.185644359173171e-6,S_sens090
cover,FED - FES,SDF–SSdF,FDR,-0.022331545920754977,146,0.0018481718905611008,0.9821834851464948,0.9821834851464948,S_sens090
cover,FED - FOD,SDF–DOF,FDR,-4.273224707926156,192,0.30839342942861575,3.853322351232864e-5,1.926661175616432e-5,S_sens090
cover,FES - FOD,SSdF–DOF,FDR,-4.96523311239593,226,0.3302823936564557,4.117115854188275e-6,6.861859756980458e-7,S_sens090
cover,FED - FOM,SDF–MOF,FDR,0.06875546948061512,116,0.006383785078362397,1,0.9451842643669593,S_sens090
cover,FES - FOM,SSdF–MOF,FDR,0.09945606475924396,150,0.00812055368284492,1,0.9207761701282795,S_sens090
cover,FOD - FOM,DOF–MOF,FDR,4.460270051453562,196,0.3185907179609687,2.4556933077519512e-5,8.185644359173171e-6,S_sens090
fhd_normal,FED - FES,SDF–SSdF,Bonferroni,5.2626280587002325,146,0.43553819709043606,8.520641044137117e-7,1.4201068406895195e-7,S_sens090
fhd_normal,FED - FOD,SDF–DOF,Bonferroni,1.0404204466364524,192,0.07508587811699331,1,0.2981446063798529,S_sens090
fhd_normal,FES - FOD,SSdF–DOF,Bonferroni,-5.376026829950664,226,0.35760798527757925,4.5688469919725396e-7,7.614744986620899e-8,S_sens090
fhd_normal,FED - FOM,SDF–MOF,Bonferroni,3.7243950023179697,116,0.3458013947301786,0.0011747050512017608,1.9578417520029346e-4,S_sens090
fhd_normal,FES - FOM,SSdF–MOF,Bonferroni,-1.2221296093296947,150,0.09978646474682333,1,0.22165861758131566,S_sens090
fhd_normal,FOD - FOM,DOF–MOF,Bonferroni,3.399218044893726,196,0.24280128892098043,0.004054729051701978,6.75788175283663e-4,S_sens090
fhd_normal,FED - FES,SDF–SSdF,FDR,5.2626280587002325,146,0.43553819709043606,4.2603205220685586e-7,1.4201068406895195e-7,S_sens090
fhd_normal,FED - FOD,SDF–DOF,FDR,1.0404204466364524,192,0.07508587811699331,0.2981446063798529,0.2981446063798529,S_sens090
fhd_normal,FES - FOD,SSdF–DOF,FDR,-5.376026829950664,226,0.35760798527757925,4.5688469919725396e-7,7.614744986620899e-8,S_sens090
fhd_normal,FED - FOM,SDF–MOF,FDR,3.7243950023179697,116,0.3458013947301786,3.915683504005869e-4,1.9578417520029346e-4,S_sens090
fhd_normal,FES - FOM,SSdF–MOF,FDR,-1.2221296093296947,150,0.09978646474682333,0.2659903410975788,0.22165861758131566,S_sens090
fhd_normal,FOD - FOM,DOF–MOF,FDR,3.399218044893726,196,0.24280128892098043,0.0010136822629254944,6.75788175283663e-4,S_sens090
altura_dossel,FED - FES,SDF–SSdF,Bonferroni,5.4044699264017595,146,0.4472771135864502,3.900019660471197e-7,6.500032767451995e-8,S_sens095
altura_dossel,FED - FOD,SDF–DOF,Bonferroni,1.1969953932651307,192,0.08638570156504566,1,0.23130835032590757,S_sens095
altura_dossel,FES - FOD,SSdF–DOF,Bonferroni,-5.3707362310894515,226,0.35725605987625314,4.70495015970436e-7,7.841583599507267e-8,S_sens095
altura_dossel,FED - FOM,SDF–MOF,Bonferroni,4.018533622461712,116,0.37311147999944044,3.513687223824346e-4,5.856145373040576e-5,S_sens095
altura_dossel,FES - FOM,SSdF–MOF,Bonferroni,-1.0390630223321708,150,0.0848391405102647,1,0.298775426976068,S_sens095
altura_dossel,FOD - FOM,DOF–MOF,Bonferroni,3.591447347456981,196,0.25653195338978435,0.0019730797141844078,3.288466190307346e-4,S_sens095
altura_dossel,FED - FES,SDF–SSdF,FDR,5.4044699264017595,146,0.4472771135864502,3.900019660471197e-7,6.500032767451995e-8,S_sens095
altura_dossel,FED - FOD,SDF–DOF,FDR,1.1969953932651307,192,0.08638570156504566,0.2775700203910891,0.23130835032590757,S_sens095
altura_dossel,FES - FOD,SSdF–DOF,FDR,-5.3707362310894515,226,0.35725605987625314,2.35247507985218e-7,7.841583599507267e-8,S_sens095
altura_dossel,FED - FOM,SDF–MOF,FDR,4.018533622461712,116,0.37311147999944044,1.1712290746081153e-4,5.856145373040576e-5,S_sens095
altura_dossel,FES - FOM,SSdF–MOF,FDR,-1.0390630223321708,150,0.0848391405102647,0.298775426976068,0.298775426976068,S_sens095
altura_dossel,FOD - FOM,DOF–MOF,FDR,3.591447347456981,196,0.25653195338978435,4.932699285461019e-4,3.288466190307346e-4,S_sens095
agbd,FED - FES,SDF–SSdF,Bonferroni,4.610391280852101,146,0.3815586972794212,2.4114707143870647e-5,4.019117857311774e-6,S_sens095
agbd,FED - FOD,SDF–DOF,Bonferroni,-0.3180344962932065,192,0.02295216275580873,1,0.7504587700673158,S_sens095
agbd,FES - FOD,SSdF–DOF,Bonferroni,-6.14639883562435,226,0.408852368830208,4.755710097775657e-9,7.92618349629276e-10,S_sens095
agbd,FED - FOM,SDF–MOF,Bonferroni,3.8221819989685333,116,0.354880689436351,7.936560128714073e-4,1.3227600214523456e-4,S_sens095
agbd,FES - FOM,SSdF–MOF,Bonferroni,-0.44704658261273766,150,0.036501200621872454,1,0.6548414264446493,S_sens095
agbd,FOD - FOM,DOF–MOF,Bonferroni,4.9081652861329,196,0.35058323472377856,5.515941759738851e-6,9.193236266231419e-7,S_sens095
agbd,FED - FES,SDF–SSdF,FDR,4.610391280852101,146,0.3815586972794212,8.038235714623549e-6,4.019117857311774e-6,S_sens095
agbd,FED - FOD,SDF–DOF,FDR,-0.3180344962932065,192,0.02295216275580873,0.7504587700673158,0.7504587700673158,S_sens095
agbd,FES - FOD,SSdF–DOF,FDR,-6.14639883562435,226,0.408852368830208,4.755710097775657e-9,7.92618349629276e-10,S_sens095
agbd,FED - FOM,SDF–MOF,FDR,3.8221819989685333,116,0.354880689436351,1.9841400321785182e-4,1.3227600214523456e-4,S_sens095
agbd,FES - FOM,SSdF–MOF,FDR,-0.44704658261273766,150,0.036501200621872454,0.785809711733579,0.6548414264446493,S_sens095
agbd,FOD - FOM,DOF–MOF,FDR,4.9081652861329,196,0.35058323472377856,2.7579708798694256e-6,9.193236266231419e-7,S_sens095
pai,FED - FES,SDF–SSdF,Bonferroni,0.3292193374864509,146,0.027246386234555706,1,0.7419899076975199,S_sens095
pai,FED - FOD,SDF–DOF,Bonferroni,-3.8471267335110215,192,0.27764245689989925,7.170669428195739e-4,1.1951115713659565e-4,S_sens095
pai,FES - FOD,SSdF–DOF,Bonferroni,-4.907681126622925,226,0.326454092509157,5.529571891868597e-6,9.215953153114328e-7,S_sens095
pai,FED - FOM,SDF–MOF,Bonferroni,0.4890645882848244,116,0.04540850705598556,1,0.6247959709302735,S_sens095
pai,FES - FOM,SSdF–MOF,Bonferroni,0.20902630559570032,150,0.017066926384284333,1,0.834427703281311,S_sens095
pai,FOD - FOM,DOF–MOF,Bonferroni,4.527641479511178,196,0.323402962822227,3.578739961287745e-5,5.964566602146242e-6,S_sens095
pai,FED - FES,SDF–SSdF,FDR,0.3292193374864509,146,0.027246386234555706,0.8903878892370239,0.7419899076975199,S_sens095
pai,FED - FOD,SDF–DOF,FDR,-3.8471267335110215,192,0.27764245689989925,2.390223142731913e-4,1.1951115713659565e-4,S_sens095
pai,FES - FOD,SSdF–DOF,FDR,-4.907681126622925,226,0.326454092509157,5.529571891868597e-6,9.215953153114328e-7,S_sens095
pai,FED - FOM,SDF–MOF,FDR,0.4890645882848244,116,0.04540850705598556,0.9371939563954103,0.6247959709302735,S_sens095
pai,FES - FOM,SSdF–MOF,FDR,0.20902630559570032,150,0.017066926384284333,0.834427703281311,0.834427703281311,S_sens095
pai,FOD - FOM,DOF–MOF,FDR,4.527641479511178,196,0.323402962822227,1.7893699806438726e-5,5.964566602146242e-6,S_sens095
cover,FED - FES,SDF–SSdF,Bonferroni,0.35317799710153924,146,0.029229219012602392,1,0.723955002129349,S_sens095
cover,FED - FOD,SDF–DOF,Bonferroni,-3.833944996551256,192,0.2766911469771358,7.566261071420891e-4,1.261043511903482e-4,S_sens095
cover,FES - FOD,SSdF–DOF,Bonferroni,-4.922288044398364,226,0.3274257302263814,5.132291212814883e-6,8.553818688024805e-7,S_sens095
cover,FED - FOM,SDF–MOF,Bonferroni,0.49710010026936435,116,0.046154585613683005,1,0.619118463927542,S_sens095
cover,FES - FOM,SSdF–MOF,Bonferroni,0.19351790227730944,150,0.015800670555772896,1,0.8465533870528439,S_sens095
cover,FOD - FOM,DOF–MOF,Bonferroni,4.5237706614698805,196,0.32312647581927717,3.644852861561664e-5,6.07475476926944e-6,S_sens095
cover,FED - FES,SDF–SSdF,FDR,0.35317799710153924,146,0.029229219012602392,0.8687460025552188,0.723955002129349,S_sens095
cover,FED - FOD,SDF–DOF,FDR,-3.833944996551256,192,0.2766911469771358,2.522087023806964e-4,1.261043511903482e-4,S_sens095
cover,FES - FOD,SSdF–DOF,FDR,-4.922288044398364,226,0.3274257302263814,5.132291212814883e-6,8.553818688024805e-7,S_sens095
cover,FED - FOM,SDF–MOF,FDR,0.49710010026936435,116,0.046154585613683005,0.928677695891313,0.619118463927542,S_sens095
cover,FES - FOM,SSdF–MOF,FDR,0.19351790227730944,150,0.015800670555772896,0.8465533870528439,0.8465533870528439,S_sens095
cover,FOD - FOM,DOF–MOF,FDR,4.5237706614698805,196,0.32312647581927717,1.822426430780832e-5,6.07475476926944e-6,S_sens095
fhd_normal,FED - FES,SDF–SSdF,Bonferroni,5.166486862587327,146,0.4275814950864045,1.4312097621337435e-6,2.385349603556239e-7,S_sens095
fhd_normal,FED - FOD,SDF–DOF,Bonferroni,0.8060264132859163,192,0.05816994583557154,1,0.42022761940512376,S_sens095
fhd_normal,FES - FOD,SSdF–DOF,Bonferroni,-5.529490683814521,226,0.367816248987768,1.9269711320219564e-7,3.211618553369927e-8,S_sens095
fhd_normal,FED - FOM,SDF–MOF,Bonferroni,3.6844118499432863,116,0.3420890522293779,0.0013753880301780423,2.2923133836300703e-4,S_sens095
fhd_normal,FES - FOM,SSdF–MOF,Bonferroni,-1.1685244761204747,150,0.09540962394827299,1,0.24259527224494182,S_sens095
fhd_normal,FOD - FOM,DOF–MOF,Bonferroni,3.5914153572252348,196,0.25652966837323105,0.0019733219627707087,3.2888699379511816e-4,S_sens095
fhd_normal,FED - FES,SDF–SSdF,FDR,5.166486862587327,146,0.4275814950864045,7.156048810668718e-7,2.385349603556239e-7,S_sens095
fhd_normal,FED - FOD,SDF–DOF,FDR,0.8060264132859163,192,0.05816994583557154,0.42022761940512376,0.42022761940512376,S_sens095
fhd_normal,FES - FOD,SSdF–DOF,FDR,-5.529490683814521,226,0.367816248987768,1.9269711320219564e-7,3.211618553369927e-8,S_sens095
fhd_normal,FED - FOM,SDF–MOF,FDR,3.6844118499432863,116,0.3420890522293779,4.5846267672601407e-4,2.2923133836300703e-4,S_sens095
fhd_normal,FES - FOM,SSdF–MOF,FDR,-1.1685244761204747,150,0.09540962394827299,0.29111432669393017,0.24259527224494182,S_sens095
fhd_normal,FOD - FOM,DOF–MOF,FDR,3.5914153572252348,196,0.25652966837323105,4.933304906926772e-4,3.2888699379511816e-4,S_sens095
altura_dossel,FED - FES,SDF–SSdF,Bonferroni,3.643415535025055,94,0.37578961917741904,0.0016142638029344233,2.6904396715573723e-4,S_sens099
altura_dossel,FED - FOD,SDF–DOF,Bonferroni,0.23499504689413586,150,0.019187265232401256,1,0.8142125775977156,S_sens099
altura_dossel,FES - FOD,SSdF–DOF,Bonferroni,-4.31309456567602,164,0.3367961018514638,9.659113101739012e-5,1.6098521836231687e-5,S_sens099
altura_dossel,FED - FOM,SDF–MOF,Bonferroni,3.421049368237776,83,0.3755089522928171,0.0037428004566392456,6.23800076106541e-4,S_sens099
altura_dossel,FES - FOM,SSdF–MOF,Bonferroni,-0.04181918473501989,97,0.0042460948849716825,1,0.9666428411835147,S_sens099
altura_dossel,FOD - FOM,DOF–MOF,Bonferroni,3.9372391329644745,153,0.31830691801034955,4.945467509708363e-4,8.242445849513938e-5,S_sens099
altura_dossel,FED - FES,SDF–SSdF,FDR,3.643415535025055,94,0.37578961917741904,5.380879343114745e-4,2.6904396715573723e-4,S_sens099
altura_dossel,FED - FOD,SDF–DOF,FDR,0.23499504689413586,150,0.019187265232401256,0.9770550931172587,0.8142125775977156,S_sens099
altura_dossel,FES - FOD,SSdF–DOF,FDR,-4.31309456567602,164,0.3367961018514638,9.659113101739012e-5,1.6098521836231687e-5,S_sens099
altura_dossel,FED - FOM,SDF–MOF,FDR,3.421049368237776,83,0.3755089522928171,9.357001141598114e-4,6.23800076106541e-4,S_sens099
altura_dossel,FES - FOM,SSdF–MOF,FDR,-0.04181918473501989,97,0.0042460948849716825,0.9666428411835147,0.9666428411835147,S_sens099
altura_dossel,FOD - FOM,DOF–MOF,FDR,3.9372391329644745,153,0.31830691801034955,2.4727337548541815e-4,8.242445849513938e-5,S_sens099
agbd,FED - FES,SDF–SSdF,Bonferroni,3.6180077681738454,94,0.3731690081223863,0.0017812769272343215,2.968794878723869e-4,S_sens099
agbd,FED - FOD,SDF–DOF,Bonferroni,0.3250995174270105,150,0.026544264444040774,1,0.7451057541755587,S_sens099
agbd,FES - FOD,SSdF–DOF,Bonferroni,-4.181072020103155,164,0.32648687305335167,1.740827640727133e-4,2.901379401211888e-5,S_sens099
agbd,FED - FOM,SDF–MOF,Bonferroni,3.7425514069261445,83,0.41079838565462273,0.0010929675102701744,1.8216125171169575e-4,S_sens099
agbd,FES - FOM,SSdF–MOF,Bonferroni,0.3296579266791951,97,0.033471691165962054,1,0.7416584477668963,S_sens099
agbd,FOD - FOM,DOF–MOF,Bonferroni,4.237421452012823,153,0.3425752201354319,1.3566088851335077e-4,2.2610148085558463e-5,S_sens099
agbd,FED - FES,SDF–SSdF,FDR,3.6180077681738454,94,0.3731690081223863,4.4531923180858037e-4,2.968794878723869e-4,S_sens099
agbd,FED - FOD,SDF–DOF,FDR,0.3250995174270105,150,0.026544264444040774,0.7451057541755587,0.7451057541755587,S_sens099
agbd,FES - FOD,SSdF–DOF,FDR,-4.181072020103155,164,0.32648687305335167,8.704138203635665e-5,2.901379401211888e-5,S_sens099
agbd,FED - FOM,SDF–MOF,FDR,3.7425514069261445,83,0.41079838565462273,3.643225034233915e-4,1.8216125171169575e-4,S_sens099
agbd,FES - FOM,SSdF–MOF,FDR,0.3296579266791951,97,0.033471691165962054,0.8899901373202755,0.7416584477668963,S_sens099
agbd,FOD - FOM,DOF–MOF,FDR,4.237421452012823,153,0.3425752201354319,1.3566088851335077e-4,2.2610148085558463e-5,S_sens099
pai,FED - FES,SDF–SSdF,Bonferroni,1.798287230466005,94,0.18547916563785208,0.43278901359341515,0.07213150226556919,S_sens099
pai,FED - FOD,SDF–DOF,Bonferroni,-1.7609122978775411,150,0.14377788705305977,0.469519488741543,0.0782532481235905,S_sens099
pai,FES - FOD,SSdF–DOF,Bonferroni,-4.214424462148241,164,0.32909126122452803,1.5024956669247572e-4,2.5041594448745954e-5,S_sens099
pai,FED - FOM,SDF–MOF,Bonferroni,1.2847827360381023,83,0.14102322626875197,1,0.19886821683209419,S_sens099
pai,FES - FOM,SSdF–MOF,Bonferroni,-0.45458456523665924,97,0.046156069504197546,1,0.6494081409749932,S_sens099
pai,FOD - FOM,DOF–MOF,Bonferroni,3.377004579918891,153,0.27301463884706245,0.004396789796277045,7.327982993795075e-4,S_sens099
pai,FED - FES,SDF–SSdF,FDR,1.798287230466005,94,0.18547916563785208,0.14426300453113838,0.07213150226556919,S_sens099
pai,FED - FOD,SDF–DOF,FDR,-1.7609122978775411,150,0.14377788705305977,0.11737987218538574,0.0782532481235905,S_sens099
pai,FES - FOD,SSdF–DOF,FDR,-4.214424462148241,164,0.32909126122452803,1.5024956669247572e-4,2.5041594448745954e-5,S_sens099
pai,FED - FOM,SDF–MOF,FDR,1.2847827360381023,83,0.14102322626875197,0.23864186019851302,0.19886821683209419,S_sens099
pai,FES - FOM,SSdF–MOF,FDR,-0.45458456523665924,97,0.046156069504197546,0.6494081409749932,0.6494081409749932,S_sens099
pai,FOD - FOM,DOF–MOF,FDR,3.377004579918891,153,0.27301463884706245,0.0021983948981385225,7.327982993795075e-4,S_sens099
cover,FED - FES,SDF–SSdF,Bonferroni,1.6185019938277136,94,0.16693573435461223,0.6333267449157998,0.10555445748596662,S_sens099
cover,FED - FOD,SDF–DOF,Bonferroni,-2.082393791649139,150,0.17002674110266455,0.2238390903798254,0.037306515063304235,S_sens099
cover,FES - FOD,SSdF–DOF,Bonferroni,-4.345937330805415,164,0.33936069094200455,8.320929797600544e-5,1.386821632933424e-5,S_sens099
cover,FED - FOM,SDF–MOF,Bonferroni,1.0741528990253677,83,0.11790359807730005,1,0.28275415876829174,S_sens099
cover,FES - FOM,SSdF–MOF,Bonferroni,-0.4974654500072647,97,0.050509963695134635,1,0.6188608611839437,S_sens099
cover,FOD - FOM,DOF–MOF,Bonferroni,3.4497753481230733,153,0.2788978067639876,0.0033663194288426398,5.610532381404399e-4,S_sens099
cover,FED - FES,SDF–SSdF,FDR,1.6185019938277136,94,0.16693573435461223,0.15833168622894994,0.10555445748596662,S_sens099
cover,FED - FOD,SDF–DOF,FDR,-2.082393791649139,150,0.17002674110266455,0.07461303012660847,0.037306515063304235,S_sens099
cover,FES - FOD,SSdF–DOF,FDR,-4.345937330805415,164,0.33936069094200455,8.320929797600544e-5,1.386821632933424e-5,S_sens099
cover,FED - FOM,SDF–MOF,FDR,1.0741528990253677,83,0.11790359807730005,0.33930499052195007,0.28275415876829174,S_sens099
cover,FES - FOM,SSdF–MOF,FDR,-0.4974654500072647,97,0.050509963695134635,0.6188608611839437,0.6188608611839437,S_sens099
cover,FOD - FOM,DOF–MOF,FDR,3.4497753481230733,153,0.2788978067639876,0.0016831597144213199,5.610532381404399e-4,S_sens099
fhd_normal,FED - FES,SDF–SSdF,Bonferroni,3.642918547501521,94,0.3757383588283292,0.0016173849485529258,2.695641580921543e-4,S_sens099
fhd_normal,FED - FOD,SDF–DOF,Bonferroni,-0.11646382089474755,150,0.009509231156234043,1,0.9072849576781304,S_sens099
fhd_normal,FES - FOD,SSdF–DOF,Bonferroni,-4.703010226296857,164,0.3672433996206823,1.5381214460576523e-5,2.5635357434294206e-6,S_sens099
fhd_normal,FED - FOM,SDF–MOF,Bonferroni,2.8597649344676492,83,0.31389998177630685,0.025437307764852667,0.004239551294142111,S_sens099
fhd_normal,FES - FOM,SSdF–MOF,Bonferroni,-0.6445698882712096,97,0.06544615642167781,1,0.5192059536943421,S_sens099
fhd_normal,FOD - FOM,DOF–MOF,Bonferroni,3.61249361571054,153,0.2920527990087061,0.0018195994531307648,3.0326657552179413e-4,S_sens099
fhd_normal,FED - FES,SDF–SSdF,FDR,3.642918547501521,94,0.3757383588283292,8.086924742764629e-4,2.695641580921543e-4,S_sens099
fhd_normal,FED - FOD,SDF–DOF,FDR,-0.11646382089474755,150,0.009509231156234043,0.9072849576781304,0.9072849576781304,S_sens099
fhd_normal,FES - FOD,SSdF–DOF,FDR,-4.703010226296857,164,0.3672433996206823,1.5381214460576523e-5,2.5635357434294206e-6,S_sens099
fhd_normal,FED - FOM,SDF–MOF,FDR,2.8597649344676492,83,0.31389998177630685,0.006359326941213167,0.004239551294142111,S_sens099
fhd_normal,FES - FOM,SSdF–MOF,FDR,-0.6445698882712096,97,0.06544615642167781,0.6230471444332105,0.5192059536943421,S_sens099
fhd_normal,FOD - FOM,DOF–MOF,FDR,3.61249361571054,153,0.2920527990087061,6.065331510435883e-4,3.0326657552179413e-4,S_sens099
altura_dossel,FED - FES,SDF–SSdF,Bonferroni,4.504967290725429,136,0.38629775823634616,3.9829900110064996e-5,6.638316685010833e-6,S_strong_beams
altura_dossel,FED - FOD,SDF–DOF,Bonferroni,0.3927296726876699,186,0.02879633674146358,1,0.6945191523333982,S_strong_beams
altura_dossel,FES - FOD,SSdF–DOF,Bonferroni,-5.163745694946105,214,0.3529863887799347,1.4523389966469532e-6,2.420564994411589e-7,S_strong_beams
altura_dossel,FED - FOM,SDF–MOF,Bonferroni,3.8005088100036146,106,0.36913804769207403,8.663957031286848e-4,1.443992838547808e-4,S_strong_beams
altura_dossel,FES - FOM,SSdF–MOF,Bonferroni,-0.28826548651813777,134,0.024902345198786847,1,0.7731435240869227,S_strong_beams
altura_dossel,FOD - FOM,DOF–MOF,Bonferroni,4.1225156950767845,184,0.3039158891806933,2.248542408534613e-4,3.747570680891022e-5,S_strong_beams
altura_dossel,FED - FES,SDF–SSdF,FDR,4.504967290725429,136,0.38629775823634616,1.9914950055032498e-5,6.638316685010833e-6,S_strong_beams
altura_dossel,FED - FOD,SDF–DOF,FDR,0.3927296726876699,186,0.02879633674146358,0.8334229828000779,0.6945191523333982,S_strong_beams
altura_dossel,FES - FOD,SSdF–DOF,FDR,-5.163745694946105,214,0.3529863887799347,1.4523389966469532e-6,2.420564994411589e-7,S_strong_beams
altura_dossel,FED - FOM,SDF–MOF,FDR,3.8005088100036146,106,0.36913804769207403,2.165989257821712e-4,1.443992838547808e-4,S_strong_beams
altura_dossel,FES - FOM,SSdF–MOF,FDR,-0.28826548651813777,134,0.024902345198786847,0.7731435240869227,0.7731435240869227,S_strong_beams
altura_dossel,FOD - FOM,DOF–MOF,FDR,4.1225156950767845,184,0.3039158891806933,7.495141361782044e-5,3.747570680891022e-5,S_strong_beams
agbd,FED - FES,SDF–SSdF,Bonferroni,4.540344500270276,136,0.3893313289279618,3.3697432167669726e-5,5.616238694611621e-6,S_strong_beams
agbd,FED - FOD,SDF–DOF,Bonferroni,0.1113475638754506,186,0.008164399503495344,1,0.9113407393574497,S_strong_beams
agbd,FES - FOD,SSdF–DOF,Bonferroni,-5.531102446855946,214,0.3780983793602405,1.9093463574896877e-7,3.18224392914948e-8,S_strong_beams
agbd,FED - FOM,SDF–MOF,Bonferroni,4.356729151074433,106,0.4231629430558362,7.92122807114331e-5,1.320204678523885e-5,S_strong_beams
agbd,FES - FOM,SSdF–MOF,Bonferroni,0.2863780339278398,134,0.024739294129032828,1,0.7745885968831776,S_strong_beams
agbd,FOD - FOM,DOF–MOF,Bonferroni,5.060190759249399,184,0.3730422120303328,2.513023415070935e-6,4.188372358451558e-7,S_strong_beams
agbd,FED - FES,SDF–SSdF,FDR,4.540344500270276,136,0.3893313289279618,1.1232477389223242e-5,5.616238694611621e-6,S_strong_beams
agbd,FED - FOD,SDF–DOF,FDR,0.1113475638754506,186,0.008164399503495344,0.9113407393574497,0.9113407393574497,S_strong_beams
agbd,FES - FOD,SSdF–DOF,FDR,-5.531102446855946,214,0.3780983793602405,1.9093463574896877e-7,3.18224392914948e-8,S_strong_beams
agbd,FED - FOM,SDF–MOF,FDR,4.356729151074433,106,0.4231629430558362,1.9803070177858276e-5,1.320204678523885e-5,S_strong_beams
agbd,FES - FOM,SSdF–MOF,FDR,0.2863780339278398,134,0.024739294129032828,0.9295063162598131,0.7745885968831776,S_strong_beams
agbd,FOD - FOM,DOF–MOF,FDR,5.060190759249399,184,0.3730422120303328,1.2565117075354675e-6,4.188372358451558e-7,S_strong_beams
pai,FED - FES,SDF–SSdF,Bonferroni,0.11766404182475212,136,0.010089608347546986,1,0.906333859272342,S_strong_beams
pai,FED - FOD,SDF–DOF,Bonferroni,-4.2717588921079965,186,0.31322055879722505,1.1636232044403705e-4,1.9393720074006175e-5,S_strong_beams
pai,FES - FOD,SSdF–DOF,Bonferroni,-5.054223273279819,214,0.3454995901654613,2.5928749793110925e-6,4.321458298851821e-7,S_strong_beams
pai,FED - FOM,SDF–MOF,Bonferroni,0.6131182189578184,106,0.05955130580273945,1,0.5397981743765916,S_strong_beams
pai,FES - FOM,SSdF–MOF,Bonferroni,0.5556546034769257,134,0.04800124674726468,1,0.5784469959292875,S_strong_beams
pai,FOD - FOM,DOF–MOF,Bonferroni,4.942202352676107,184,0.36434399129595,4.634698831866952e-6,7.724498053111587e-7,S_strong_beams
pai,FED - FES,SDF–SSdF,FDR,0.11766404182475212,136,0.010089608347546986,0.906333859272342,0.906333859272342,S_strong_beams
pai,FED - FOD,SDF–DOF,FDR,-4.2717588921079965,186,0.31322055879722505,3.878744014801235e-5,1.9393720074006175e-5,S_strong_beams
pai,FES - FOD,SSdF–DOF,FDR,-5.054223273279819,214,0.3454995901654613,2.5928749793110925e-6,4.321458298851821e-7,S_strong_beams
pai,FED - FOM,SDF–MOF,FDR,0.6131182189578184,106,0.05955130580273945,0.8096972615648874,0.5397981743765916,S_strong_beams
pai,FES - FOM,SSdF–MOF,FDR,0.5556546034769257,134,0.04800124674726468,0.694136395115145,0.5784469959292875,S_strong_beams
pai,FOD - FOM,DOF–MOF,FDR,4.942202352676107,184,0.36434399129595,2.317349415933476e-6,7.724498053111587e-7,S_strong_beams
cover,FED - FES,SDF–SSdF,Bonferroni,0.14086814855771096,136,0.012079344084646088,1,0.8879741049586684,S_strong_beams
cover,FED - FOD,SDF–DOF,Bonferroni,-4.294850698475694,186,0.3149137321894523,1.0488656450117642e-4,1.7481094083529403e-5,S_strong_beams
cover,FES - FOD,SSdF–DOF,Bonferroni,-5.109673349039797,214,0.34929007930965855,1.936297651346022e-6,3.22716275224337e-7,S_strong_beams
cover,FED - FOM,SDF–MOF,Bonferroni,0.5781315712041822,106,0.056153102169301417,1,0.5631752934632505,S_strong_beams
cover,FES - FOM,SSdF–MOF,Bonferroni,0.4943695898253009,134,0.042707027921768545,1,0.6210451865999453,S_strong_beams
cover,FOD - FOM,DOF–MOF,Bonferroni,4.923467317136104,184,0.36296282615162523,5.101444949598358e-6,8.502408249330597e-7,S_strong_beams
cover,FED - FES,SDF–SSdF,FDR,0.14086814855771096,136,0.012079344084646088,0.8879741049586684,0.8879741049586684,S_strong_beams
cover,FED - FOD,SDF–DOF,FDR,-4.294850698475694,186,0.3149137321894523,3.4962188167058807e-5,1.7481094083529403e-5,S_strong_beams
cover,FES - FOD,SSdF–DOF,FDR,-5.109673349039797,214,0.34929007930965855,1.936297651346022e-6,3.22716275224337e-7,S_strong_beams
cover,FED - FOM,SDF–MOF,FDR,0.5781315712041822,106,0.056153102169301417,0.8447629401948757,0.5631752934632505,S_strong_beams
cover,FES - FOM,SSdF–MOF,FDR,0.4943695898253009,134,0.042707027921768545,0.7452542239199343,0.6210451865999453,S_strong_beams
cover,FOD - FOM,DOF–MOF,FDR,4.923467317136104,184,0.36296282615162523,2.550722474799179e-6,8.502408249330597e-7,S_strong_beams
fhd_normal,FED - FES,SDF–SSdF,Bonferroni,4.522238054440236,136,0.38777871400705616,3.671351185969923e-5,6.118918643283205e-6,S_strong_beams
fhd_normal,FED - FOD,SDF–DOF,Bonferroni,0.10639127372823763,186,0.007800986677846573,1,0.9152719163390911,S_strong_beams
fhd_normal,FES - FOD,SSdF–DOF,Bonferroni,-5.514228806998657,214,0.376944921085828,2.101875690821639e-7,3.503126151369398e-8,S_strong_beams
fhd_normal,FED - FOM,SDF–MOF,Bonferroni,3.682909296376446,106,0.35771577319145814,0.001383523333348778,2.3058722222479632e-4,S_strong_beams
fhd_normal,FES - FOM,SSdF–MOF,Bonferroni,-0.4342284868344645,134,0.037511627926426525,1,0.664122528700642,S_strong_beams
fhd_normal,FOD - FOM,DOF–MOF,Bonferroni,4.265471325603799,184,0.3144547180848231,1.1968838038052575e-4,1.9948063396754293e-5,S_strong_beams
fhd_normal,FED - FES,SDF–SSdF,FDR,4.522238054440236,136,0.38777871400705616,1.8356755929849615e-5,6.118918643283205e-6,S_strong_beams
fhd_normal,FED - FOD,SDF–DOF,FDR,0.10639127372823763,186,0.007800986677846573,0.9152719163390911,0.9152719163390911,S_strong_beams
fhd_normal,FES - FOD,SSdF–DOF,FDR,-5.514228806998657,214,0.376944921085828,2.101875690821639e-7,3.503126151369398e-8,S_strong_beams
fhd_normal,FED - FOM,SDF–MOF,FDR,3.682909296376446,106,0.35771577319145814,3.458808333371945e-4,2.3058722222479632e-4,S_strong_beams
fhd_normal,FES - FOM,SSdF–MOF,FDR,-0.4342284868344645,134,0.037511627926426525,0.7969470344407704,0.664122528700642,S_strong_beams
fhd_normal,FOD - FOM,DOF–MOF,FDR,4.265471325603799,184,0.3144547180848231,3.9896126793508587e-5,1.9948063396754293e-5,S_strong_beams
altura_dossel,FED - FES,SDF–SSdF,Bonferroni,5.001739608429784,134,0.4320844920702166,3.4089177449955086e-6,5.681529574992514e-7,S_night_only
altura_dossel,FED - FOD,SDF–DOF,Bonferroni,1.1540326324848837,181,0.08577857003042215,1,0.24848679054513195,S_night_only
altura_dossel,FES - FOD,SSdF–DOF,Bonferroni,-4.8580657843723705,207,0.3376589134930427,7.112281739143323e-6,1.1853802898572205e-6,S_night_only
altura_dossel,FED - FOM,SDF–MOF,Bonferroni,4.0919227296562175,108,0.39374544824502755,2.5668672900860896e-4,4.2781121501434825e-5,S_night_only
altura_dossel,FES - FOM,SSdF–MOF,Bonferroni,-0.5304271862555973,134,0.04582192982761737,1,0.59581578095385,S_night_only
altura_dossel,FOD - FOM,DOF–MOF,Bonferroni,3.6933242441950425,181,0.2745226290902915,0.0013280490383237023,2.2134150638728373e-4,S_night_only
altura_dossel,FED - FES,SDF–SSdF,FDR,5.001739608429784,134,0.4320844920702166,3.4089177449955086e-6,5.681529574992514e-7,S_night_only
altura_dossel,FED - FOD,SDF–DOF,FDR,1.1540326324848837,181,0.08577857003042215,0.2981841486541583,0.24848679054513195,S_night_only
altura_dossel,FES - FOD,SSdF–DOF,FDR,-4.8580657843723705,207,0.3376589134930427,3.5561408695716613e-6,1.1853802898572205e-6,S_night_only
altura_dossel,FED - FOM,SDF–MOF,FDR,4.0919227296562175,108,0.39374544824502755,8.556224300286965e-5,4.2781121501434825e-5,S_night_only
altura_dossel,FES - FOM,SSdF–MOF,FDR,-0.5304271862555973,134,0.04582192982761737,0.59581578095385,0.59581578095385,S_night_only
altura_dossel,FOD - FOM,DOF–MOF,FDR,3.6933242441950425,181,0.2745226290902915,3.3201225958092557e-4,2.2134150638728373e-4,S_night_only
agbd,FED - FES,SDF–SSdF,Bonferroni,4.381320477090665,134,0.3784884422511687,7.077732906500363e-5,1.1796221510833939e-5,S_night_only
agbd,FED - FOD,SDF–DOF,Bonferroni,-0.1759500146913383,181,0.013078261595217468,1,0.8603332121840764,S_night_only
agbd,FES - FOD,SSdF–DOF,Bonferroni,-5.60627354158075,207,0.3896629475221305,1.2403749187129549e-7,2.0672915311882582e-8,S_night_only
agbd,FED - FOM,SDF–MOF,Bonferroni,2.963553642314921,108,0.28516808219140255,0.01824654314141907,0.0030410905235698452,S_night_only
agbd,FES - FOM,SSdF–MOF,Bonferroni,-1.142995833610523,134,0.09873980112271767,1,0.2530403209117017,S_night_only
agbd,FOD - FOM,DOF–MOF,Bonferroni,3.6866228881969385,181,0.2740245212217606,0.0013634983712692951,2.2724972854488252e-4,S_night_only
agbd,FED - FES,SDF–SSdF,FDR,4.381320477090665,134,0.3784884422511687,3.5388664532501815e-5,1.1796221510833939e-5,S_night_only
agbd,FED - FOD,SDF–DOF,FDR,-0.1759500146913383,181,0.013078261595217468,0.8603332121840764,0.8603332121840764,S_night_only
agbd,FES - FOD,SSdF–DOF,FDR,-5.60627354158075,207,0.3896629475221305,1.2403749187129549e-7,2.0672915311882582e-8,S_night_only
agbd,FED - FOM,SDF–MOF,FDR,2.963553642314921,108,0.28516808219140255,0.004561635785354768,0.0030410905235698452,S_night_only
agbd,FES - FOM,SSdF–MOF,FDR,-1.142995833610523,134,0.09873980112271767,0.303648385094042,0.2530403209117017,S_night_only
agbd,FOD - FOM,DOF–MOF,FDR,3.6866228881969385,181,0.2740245212217606,4.5449945708976505e-4,2.2724972854488252e-4,S_night_only
pai,FED - FES,SDF–SSdF,Bonferroni,1.1599955948851202,134,0.10020835682347219,1,0.2460505996179725,S_night_only
pai,FED - FOD,SDF–DOF,Bonferroni,-3.008366821706703,181,0.22361014483387853,0.015759353640810287,0.0026265589401350477,S_night_only
pai,FES - FOD,SSdF–DOF,Bonferroni,-4.855287185581637,207,0.33746578752679285,7.212743731388579e-6,1.2021239552314298e-6,S_night_only
pai,FED - FOM,SDF–MOF,Bonferroni,0.7205502973471585,108,0.06933498468967447,1,0.47118624322534464,S_night_only
pai,FES - FOM,SSdF–MOF,Bonferroni,-0.3726382305879862,134,0.032191040156946744,1,0.7094177150446186,S_night_only
pai,FOD - FOM,DOF–MOF,Bonferroni,3.861942187029635,181,0.2870559020764107,6.749351357684092e-4,1.1248918929473486e-4,S_night_only
pai,FED - FES,SDF–SSdF,FDR,1.1599955948851202,134,0.10020835682347219,0.36907589942695873,0.2460505996179725,S_night_only
pai,FED - FOD,SDF–DOF,FDR,-3.008366821706703,181,0.22361014483387853,0.005253117880270095,0.0026265589401350477,S_night_only
pai,FES - FOD,SSdF–DOF,FDR,-4.855287185581637,207,0.33746578752679285,7.212743731388579e-6,1.2021239552314298e-6,S_night_only
pai,FED - FOM,SDF–MOF,FDR,0.7205502973471585,108,0.06933498468967447,0.5654234918704135,0.47118624322534464,S_night_only
pai,FES - FOM,SSdF–MOF,FDR,-0.3726382305879862,134,0.032191040156946744,0.7094177150446186,0.7094177150446186,S_night_only
pai,FOD - FOM,DOF–MOF,FDR,3.861942187029635,181,0.2870559020764107,3.374675678842046e-4,1.1248918929473486e-4,S_night_only
cover,FED - FES,SDF–SSdF,Bonferroni,1.1933601518179449,134,0.10309061555025009,1,0.2327283540027641,S_night_only
cover,FED - FOD,SDF–DOF,Bonferroni,-2.9990440529211093,181,0.22291718888736375,0.016249688691654152,0.0027082814486090252,S_night_only
cover,FES - FOD,SSdF–DOF,Bonferroni,-4.8858442011658365,207,0.3395896469267503,6.179196873293387e-6,1.0298661455488979e-6,S_night_only
cover,FED - FOM,SDF–MOF,Bonferroni,0.7184372466217985,108,0.06913165628882482,1,0.4724877278844934,S_night_only
cover,FES - FOM,SSdF–MOF,Bonferroni,-0.408311753398517,134,0.035272763155474146,1,0.6830448114560759,S_night_only
cover,FOD - FOM,DOF–MOF,Bonferroni,3.850116264680042,181,0.2861768881907681,7.083706102528645e-4,1.1806176837547741e-4,S_night_only
cover,FED - FES,SDF–SSdF,FDR,1.1933601518179449,134,0.10309061555025009,0.34909253100414617,0.2327283540027641,S_night_only
cover,FED - FOD,SDF–DOF,FDR,-2.9990440529211093,181,0.22291718888736375,0.0054165628972180505,0.0027082814486090252,S_night_only
cover,FES - FOD,SSdF–DOF,FDR,-4.8858442011658365,207,0.3395896469267503,6.179196873293387e-6,1.0298661455488979e-6,S_night_only
cover,FED - FOM,SDF–MOF,FDR,0.7184372466217985,108,0.06913165628882482,0.566985273461392,0.4724877278844934,S_night_only
cover,FES - FOM,SSdF–MOF,FDR,-0.408311753398517,134,0.035272763155474146,0.6830448114560759,0.6830448114560759,S_night_only
cover,FOD - FOM,DOF–MOF,FDR,3.850116264680042,181,0.2861768881907681,3.5418530512643223e-4,1.1806176837547741e-4,S_night_only
fhd_normal,FED - FES,SDF–SSdF,Bonferroni,5.064976411405409,134,0.4375473198127518,2.450705546103088e-6,4.0845092435051467e-7,S_night_only
fhd_normal,FED - FOD,SDF–DOF,Bonferroni,1.0176304731176389,181,0.07563987737110754,1,0.3088535998996844,S_night_only
fhd_normal,FES - FOD,SSdF–DOF,Bonferroni,-5.091339373858198,207,0.35387254876858537,2.133257979970116e-6,3.5554299666168597e-7,S_night_only
fhd_normal,FED - FOM,SDF–MOF,Bonferroni,3.7284780048946033,108,0.35877296329891634,0.0011558383131092494,1.9263971885154156e-4,S_night_only
fhd_normal,FES - FOM,SSdF–MOF,Bonferroni,-0.9908061201963438,134,0.08559261231103914,1,0.3217802602511829,S_night_only
fhd_normal,FOD - FOM,DOF–MOF,Bonferroni,3.399183990554829,181,0.25265935621964875,0.0040552339702212715,6.758723283702119e-4,S_night_only
fhd_normal,FED - FES,SDF–SSdF,FDR,5.064976411405409,134,0.4375473198127518,1.225352773051544e-6,4.0845092435051467e-7,S_night_only
fhd_normal,FED - FOD,SDF–DOF,FDR,1.0176304731176389,181,0.07563987737110754,0.3706243198796213,0.3088535998996844,S_night_only
fhd_normal,FES - FOD,SSdF–DOF,FDR,-5.091339373858198,207,0.35387254876858537,2.133257979970116e-6,3.5554299666168597e-7,S_night_only
fhd_normal,FED - FOM,SDF–MOF,FDR,3.7284780048946033,108,0.35877296329891634,3.852794377030831e-4,1.9263971885154156e-4,S_night_only
fhd_normal,FES - FOM,SSdF–MOF,FDR,-0.9908061201963438,134,0.08559261231103914,0.3217802602511829,0.3217802602511829,S_night_only
fhd_normal,FOD - FOM,DOF–MOF,FDR,3.399183990554829,181,0.25265935621964875,0.0010138084925553179,6.758723283702119e-4,S_night_only
altura_dossel,FED - FES,SDF–SSdF,Bonferroni,5.209390736011053,145,0.4326163534176655,1.1367704492491589e-6,1.8946174154152647e-7,S_agbd_low_uncert
altura_dossel,FED - FOD,SDF–DOF,Bonferroni,1.677195980619079,190,0.12167658507191133,0.5610249886376073,0.09350416477293455,S_agbd_low_uncert
altura_dossel,FES - FOD,SSdF–DOF,Bonferroni,-4.5803124759225335,225,0.30535416506150226,2.785690438540142e-5,4.642817397566903e-6,S_agbd_low_uncert
altura_dossel,FED - FOM,SDF–MOF,Bonferroni,4.0016529635331475,115,0.3731560629403761,3.774090620034013e-4,6.290151033390022e-5,S_agbd_low_uncert
altura_dossel,FES - FOM,SSdF–MOF,Bonferroni,-0.8674675952163877,150,0.07082843255597772,1,0.3856858593866154,S_agbd_low_uncert
altura_dossel,FOD - FOM,DOF–MOF,Bonferroni,3.0853901164173823,195,0.2209493754580745,0.012197119420655229,0.0020328532367758713,S_agbd_low_uncert
altura_dossel,FED - FES,SDF–SSdF,FDR,5.209390736011053,145,0.4326163534176655,1.1367704492491589e-6,1.8946174154152647e-7,S_agbd_low_uncert
altura_dossel,FED - FOD,SDF–DOF,FDR,1.677195980619079,190,0.12167658507191133,0.11220499772752146,0.09350416477293455,S_agbd_low_uncert
altura_dossel,FES - FOD,SSdF–DOF,FDR,-4.5803124759225335,225,0.30535416506150226,1.392845219270071e-5,4.642817397566903e-6,S_agbd_low_uncert
altura_dossel,FED - FOM,SDF–MOF,FDR,4.0016529635331475,115,0.3731560629403761,1.2580302066780044e-4,6.290151033390022e-5,S_agbd_low_uncert
altura_dossel,FES - FOM,SSdF–MOF,FDR,-0.8674675952163877,150,0.07082843255597772,0.3856858593866154,0.3856858593866154,S_agbd_low_uncert
altura_dossel,FOD - FOM,DOF–MOF,FDR,3.0853901164173823,195,0.2209493754580745,0.003049279855163807,0.0020328532367758713,S_agbd_low_uncert
agbd,FED - FES,SDF–SSdF,Bonferroni,5.101314581417798,145,0.42364111729872167,2.0238142377118595e-6,3.373023729519766e-7,S_agbd_low_uncert
agbd,FED - FOD,SDF–DOF,Bonferroni,0.30608548269967073,190,0.022205774820206997,1,0.7595395609419702,S_agbd_low_uncert
agbd,FES - FOD,SSdF–DOF,Bonferroni,-6.056135562409482,225,0.4037423708272988,8.365830754046324e-9,1.3943051256743875e-9,S_agbd_low_uncert
agbd,FED - FOM,SDF–MOF,Bonferroni,4.008836814959571,115,0.37382596054005846,3.6611137427954173e-4,6.1018562379923626e-5,S_agbd_low_uncert
agbd,FES - FOM,SSdF–MOF,Bonferroni,-0.7484366624873219,150,0.06110959759618568,1,0.45419681546435936,S_agbd_low_uncert
agbd,FOD - FOM,DOF–MOF,Bonferroni,4.507632321596318,195,0.32279825521960237,3.9333028800590206e-5,6.5555048000983674e-6,S_agbd_low_uncert
agbd,FED - FES,SDF–SSdF,FDR,5.101314581417798,145,0.42364111729872167,1.0119071188559297e-6,3.373023729519766e-7,S_agbd_low_uncert
agbd,FED - FOD,SDF–DOF,FDR,0.30608548269967073,190,0.022205774820206997,0.7595395609419702,0.7595395609419702,S_agbd_low_uncert
agbd,FES - FOD,SSdF–DOF,FDR,-6.056135562409482,225,0.4037423708272988,8.365830754046324e-9,1.3943051256743875e-9,S_agbd_low_uncert
agbd,FED - FOM,SDF–MOF,FDR,4.008836814959571,115,0.37382596054005846,9.152784356988543e-5,6.1018562379923626e-5,S_agbd_low_uncert
agbd,FES - FOM,SSdF–MOF,FDR,-0.7484366624873219,150,0.06110959759618568,0.5450361785572312,0.45419681546435936,S_agbd_low_uncert
agbd,FOD - FOM,DOF–MOF,FDR,4.507632321596318,195,0.32279825521960237,1.3111009600196735e-5,6.5555048000983674e-6,S_agbd_low_uncert
pai,FED - FES,SDF–SSdF,Bonferroni,-0.06946895048021977,145,0.00576908232756555,1,0.9446163468541898,S_agbd_low_uncert
pai,FED - FOD,SDF–DOF,Bonferroni,-4.298901438705427,190,0.31187508953445475,1.0298806659532337e-4,1.7164677765887227e-5,S_agbd_low_uncert
pai,FES - FOD,SSdF–DOF,Bonferroni,-4.966020085580379,225,0.3310680057053586,4.100452792069902e-6,6.83408798678317e-7,S_agbd_low_uncert
pai,FED - FOM,SDF–MOF,Bonferroni,-0.2601875384444093,115,0.024262613064362316,1,0.794719116205917,S_agbd_low_uncert
pai,FES - FOM,SSdF–MOF,Bonferroni,-0.22008853373551038,150,0.01797015352964407,1,0.8258022046363651,S_agbd_low_uncert
pai,FOD - FOM,DOF–MOF,Bonferroni,4.119074731177758,195,0.2949730682276371,2.2823806448049507e-4,3.803967741341585e-5,S_agbd_low_uncert
pai,FED - FES,SDF–SSdF,FDR,-0.06946895048021977,145,0.00576908232756555,0.9446163468541898,0.9446163468541898,S_agbd_low_uncert
pai,FED - FOD,SDF–DOF,FDR,-4.298901438705427,190,0.31187508953445475,5.1494033297661685e-5,1.7164677765887227e-5,S_agbd_low_uncert
pai,FES - FOD,SSdF–DOF,FDR,-4.966020085580379,225,0.3310680057053586,4.100452792069902e-6,6.83408798678317e-7,S_agbd_low_uncert
pai,FED - FOM,SDF–MOF,FDR,-0.2601875384444093,115,0.024262613064362316,1,0.794719116205917,S_agbd_low_uncert
pai,FES - FOM,SSdF–MOF,FDR,-0.22008853373551038,150,0.01797015352964407,0.9909626455636381,0.8258022046363651,S_agbd_low_uncert
pai,FOD - FOM,DOF–MOF,FDR,4.119074731177758,195,0.2949730682276371,7.60793548268317e-5,3.803967741341585e-5,S_agbd_low_uncert
cover,FED - FES,SDF–SSdF,Bonferroni,-0.00666469619991633,145,5.534728940014489e-4,1,0.994682381166162,S_agbd_low_uncert
cover,FED - FOD,SDF–DOF,Bonferroni,-4.229350183087087,190,0.30682931112281114,1.4062037545587095e-4,2.343672924264516e-5,S_agbd_low_uncert
cover,FES - FOD,SSdF–DOF,Bonferroni,-4.963251186731435,225,0.33088341244876235,4.159369955197948e-6,6.932283258663247e-7,S_agbd_low_uncert
cover,FED - FOM,SDF–MOF,Bonferroni,-0.18867931619976852,115,0.01759443695717787,1,0.8503441636824544,S_agbd_low_uncert
cover,FES - FOM,SSdF–MOF,Bonferroni,-0.20448903827813958,150,0.016696460059129985,1,0.8379713572069261,S_agbd_low_uncert
cover,FOD - FOM,DOF–MOF,Bonferroni,4.133402792324443,195,0.29599912199796585,2.14458905296965e-4,3.57431508828275e-5,S_agbd_low_uncert
cover,FED - FES,SDF–SSdF,FDR,-0.00666469619991633,145,5.534728940014489e-4,0.994682381166162,0.994682381166162,S_agbd_low_uncert
cover,FED - FOD,SDF–DOF,FDR,-4.229350183087087,190,0.30682931112281114,7.031018772793547e-5,2.343672924264516e-5,S_agbd_low_uncert
cover,FES - FOD,SSdF–DOF,FDR,-4.963251186731435,225,0.33088341244876235,4.159369955197948e-6,6.932283258663247e-7,S_agbd_low_uncert
cover,FED - FOM,SDF–MOF,FDR,-0.18867931619976852,115,0.01759443695717787,1,0.8503441636824544,S_agbd_low_uncert
cover,FES - FOM,SSdF–MOF,FDR,-0.20448903827813958,150,0.016696460059129985,1,0.8379713572069261,S_agbd_low_uncert
cover,FOD - FOM,DOF–MOF,FDR,4.133402792324443,195,0.29599912199796585,7.1486301765655e-5,3.57431508828275e-5,S_agbd_low_uncert
fhd_normal,FED - FES,SDF–SSdF,Bonferroni,4.91938676334324,145,0.40853283434797616,5.208946518414893e-6,8.681577530691488e-7,S_agbd_low_uncert
fhd_normal,FED - FOD,SDF–DOF,Bonferroni,0.8859220341982854,190,0.06427153952600057,1,0.3756595417334644,S_agbd_low_uncert
fhd_normal,FES - FOD,SSdF–DOF,Bonferroni,-5.145722013643463,225,0.34304813424289754,1.5989628861068175e-6,2.6649381435113626e-7,S_agbd_low_uncert
fhd_normal,FED - FOM,SDF–MOF,Bonferroni,3.441477960965628,115,0.3209194746053519,0.0034712735934653806,5.785455989108968e-4,S_agbd_low_uncert
fhd_normal,FES - FOM,SSdF–MOF,Bonferroni,-1.1970918079925053,150,0.09774213682824705,1,0.23127077262099172,S_agbd_low_uncert
fhd_normal,FOD - FOM,DOF–MOF,Bonferroni,3.2272138832494295,195,0.23110558635014744,0.007500119078853959,0.00125001984647566,S_agbd_low_uncert
fhd_normal,FED - FES,SDF–SSdF,FDR,4.91938676334324,145,0.40853283434797616,2.6044732592074463e-6,8.681577530691488e-7,S_agbd_low_uncert
fhd_normal,FED - FOD,SDF–DOF,FDR,0.8859220341982854,190,0.06427153952600057,0.3756595417334644,0.3756595417334644,S_agbd_low_uncert
fhd_normal,FES - FOD,SSdF–DOF,FDR,-5.145722013643463,225,0.34304813424289754,1.5989628861068175e-6,2.6649381435113626e-7,S_agbd_low_uncert
fhd_normal,FED - FOM,SDF–MOF,FDR,3.441477960965628,115,0.3209194746053519,0.0011570911978217935,5.785455989108968e-4,S_agbd_low_uncert
fhd_normal,FES - FOM,SSdF–MOF,FDR,-1.1970918079925053,150,0.09774213682824705,0.27752492714519006,0.23127077262099172,S_agbd_low_uncert
fhd_normal,FOD - FOM,DOF–MOF,FDR,3.2272138832494295,195,0.23110558635014744,0.0018750297697134898,0.00125001984647566,S_agbd_low_uncert
