comparison,comparison_raw,metric,metric_label,metric_raw,p_adjustment,significance_frequency,median_effect_size_r,effect_size_r_ci95_lower,effect_size_r_ci95_upper,n_bootstrap_replicates
SSdF–DOF,FES - FOD,AGBD,"Aboveground biomass density (AGBD, Mg ha^-1)",agbd,Bonferroni,0.979,0.4344049417476066,0.252670875276186,0.6144099654102639,2000
SSdF–DOF,FES - FOD,AGBD,"Aboveground biomass density (AGBD, Mg ha^-1)",agbd,FDR,0.9925,0.4344049417476066,0.252670875276186,0.6144099654102639,2000
SDF–SSdF,FED - FES,AGBD,"Aboveground biomass density (AGBD, Mg ha^-1)",agbd,Bonferroni,0.925,0.3762246925327071,0.20079467309785065,0.5310300086168052,2000
SDF–SSdF,FED - FES,AGBD,"Aboveground biomass density (AGBD, Mg ha^-1)",agbd,FDR,0.9735,0.3762246925327071,0.20079467309785065,0.5310300086168052,2000
DOF–MOF,FOD - FOM,AGBD,"Aboveground biomass density (AGBD, Mg ha^-1)",agbd,Bonferroni,0.8985,0.35740558701616953,0.18574585252785986,0.5319620751991462,2000
DOF–MOF,FOD - FOM,AGBD,"Aboveground biomass density (AGBD, Mg ha^-1)",agbd,FDR,0.96,0.35740558701616953,0.18574585252785986,0.5319620751991462,2000
SDF–MOF,FED - FOM,AGBD,"Aboveground biomass density (AGBD, Mg ha^-1)",agbd,Bonferroni,0.7325,0.29809250592004233,0.1515889079608563,0.4423541507882849,2000
SDF–MOF,FED - FOM,AGBD,"Aboveground biomass density (AGBD, Mg ha^-1)",agbd,FDR,0.898,0.29809250592004233,0.1515889079608563,0.4423541507882849,2000
SSdF–MOF,FES - FOM,AGBD,"Aboveground biomass density (AGBD, Mg ha^-1)",agbd,Bonferroni,0.023,0.08251910033264183,0.003853346336169852,0.24313503265862707,2000
SSdF–MOF,FES - FOM,AGBD,"Aboveground biomass density (AGBD, Mg ha^-1)",agbd,FDR,0.0765,0.08251910033264183,0.003853346336169852,0.24313503265862707,2000
SDF–DOF,FED - FOD,AGBD,"Aboveground biomass density (AGBD, Mg ha^-1)",agbd,Bonferroni,0.019,0.07620201263043022,0.004920587856800075,0.23937807740510683,2000
SDF–DOF,FED - FOD,AGBD,"Aboveground biomass density (AGBD, Mg ha^-1)",agbd,FDR,0.073,0.07620201263043022,0.004920587856800075,0.23937807740510683,2000
SDF–SSdF,FED - FES,H,"Canopy height (H, m)",altura_dossel,Bonferroni,0.991,0.4530229598153288,0.2796670721929905,0.6020424226125134,2000
SDF–SSdF,FED - FES,H,"Canopy height (H, m)",altura_dossel,FDR,0.997,0.4530229598153288,0.2796670721929905,0.6020424226125134,2000
SSdF–DOF,FES - FOD,H,"Canopy height (H, m)",altura_dossel,Bonferroni,0.946,0.39696764519991057,0.2091828061439717,0.5711884765135333,2000
SSdF–DOF,FES - FOD,H,"Canopy height (H, m)",altura_dossel,FDR,0.9785,0.39696764519991057,0.2091828061439717,0.5711884765135333,2000
SDF–MOF,FED - FOM,H,"Canopy height (H, m)",altura_dossel,Bonferroni,0.841,0.3216978682701428,0.1692612986317234,0.46655986594421395,2000
SDF–MOF,FED - FOM,H,"Canopy height (H, m)",altura_dossel,FDR,0.942,0.3216978682701428,0.1692612986317234,0.46655986594421395,2000
DOF–MOF,FOD - FOM,H,"Canopy height (H, m)",altura_dossel,Bonferroni,0.595,0.26856931509456833,0.09611036849266641,0.44326228898764947,2000
DOF–MOF,FOD - FOM,H,"Canopy height (H, m)",altura_dossel,FDR,0.789,0.26856931509456833,0.09611036849266641,0.44326228898764947,2000
SSdF–MOF,FES - FOM,H,"Canopy height (H, m)",altura_dossel,Bonferroni,0.067,0.1302616380407223,0.009438776467471379,0.28342570380048027,2000
SSdF–MOF,FES - FOM,H,"Canopy height (H, m)",altura_dossel,FDR,0.213,0.1302616380407223,0.009438776467471379,0.28342570380048027,2000
SDF–DOF,FED - FOD,H,"Canopy height (H, m)",altura_dossel,Bonferroni,0.019,0.07148065603912214,0.0030553733497266913,0.23356394441375194,2000
SDF–DOF,FED - FOD,H,"Canopy height (H, m)",altura_dossel,FDR,0.0745,0.07148065603912214,0.0030553733497266913,0.23356394441375194,2000
SSdF–DOF,FES - FOD,COVER,"Canopy cover (COVER, %)",cover,Bonferroni,0.973,0.4306805180267184,0.24523129827510307,0.6138736913668467,2000
SSdF–DOF,FES - FOD,COVER,"Canopy cover (COVER, %)",cover,FDR,0.986,0.4306805180267184,0.24523129827510307,0.6138736913668467,2000
SDF–DOF,FED - FOD,COVER,"Canopy cover (COVER, %)",cover,Bonferroni,0.905,0.3525511635599025,0.18604331413735506,0.51414364453568,2000
SDF–DOF,FED - FOD,COVER,"Canopy cover (COVER, %)",cover,FDR,0.949,0.3525511635599025,0.18604331413735506,0.51414364453568,2000
DOF–MOF,FOD - FOM,COVER,"Canopy cover (COVER, %)",cover,Bonferroni,0.6035,0.2739553305412067,0.08762573621440752,0.4475118274132257,2000
DOF–MOF,FOD - FOM,COVER,"Canopy cover (COVER, %)",cover,FDR,0.7705,0.2739553305412067,0.08762573621440752,0.4475118274132257,2000
SSdF–MOF,FES - FOM,COVER,"Canopy cover (COVER, %)",cover,Bonferroni,0.191,0.15958548794599747,0.011835926011271987,0.3432616504628514,2000
SSdF–MOF,FES - FOM,COVER,"Canopy cover (COVER, %)",cover,FDR,0.335,0.15958548794599747,0.011835926011271987,0.3432616504628514,2000
SDF–MOF,FED - FOM,COVER,"Canopy cover (COVER, %)",cover,Bonferroni,0.0255,0.08644212836340587,0.00412261010402111,0.24738083867753868,2000
SDF–MOF,FED - FOM,COVER,"Canopy cover (COVER, %)",cover,FDR,0.083,0.08644212836340587,0.00412261010402111,0.24738083867753868,2000
SDF–SSdF,FED - FES,COVER,"Canopy cover (COVER, %)",cover,Bonferroni,0.027,0.08391532552585809,0.004122645820310634,0.24789340700113774,2000
SDF–SSdF,FED - FES,COVER,"Canopy cover (COVER, %)",cover,FDR,0.0865,0.08391532552585809,0.004122645820310634,0.24789340700113774,2000
SDF–SSdF,FED - FES,FHD,Foliage height diversity (FHD),fhd_normal,Bonferroni,0.9855,0.4403240734316115,0.269156751732269,0.5888759931571067,2000
SDF–SSdF,FED - FES,FHD,Foliage height diversity (FHD),fhd_normal,FDR,0.9945,0.4403240734316115,0.269156751732269,0.5888759931571067,2000
SSdF–DOF,FES - FOD,FHD,Foliage height diversity (FHD),fhd_normal,Bonferroni,0.934,0.3875946762516129,0.19774549924172066,0.560282591438621,2000
SSdF–DOF,FES - FOD,FHD,Foliage height diversity (FHD),fhd_normal,FDR,0.972,0.3875946762516129,0.19774549924172066,0.560282591438621,2000
SDF–MOF,FED - FOM,FHD,Foliage height diversity (FHD),fhd_normal,Bonferroni,0.713,0.2891152698886743,0.1325596634574209,0.43740354733168313,2000
SDF–MOF,FED - FOM,FHD,Foliage height diversity (FHD),fhd_normal,FDR,0.875,0.2891152698886743,0.1325596634574209,0.43740354733168313,2000
DOF–MOF,FOD - FOM,FHD,Foliage height diversity (FHD),fhd_normal,Bonferroni,0.4575,0.23831420801804173,0.06630918409481143,0.4130695523765099,2000
DOF–MOF,FOD - FOM,FHD,Foliage height diversity (FHD),fhd_normal,FDR,0.6685,0.23831420801804173,0.06630918409481143,0.4130695523765099,2000
SSdF–MOF,FES - FOM,FHD,Foliage height diversity (FHD),fhd_normal,Bonferroni,0.1145,0.14901281734113503,0.009309199591383039,0.30773737958596903,2000
SSdF–MOF,FES - FOM,FHD,Foliage height diversity (FHD),fhd_normal,FDR,0.293,0.14901281734113503,0.009309199591383039,0.30773737958596903,2000
SDF–DOF,FED - FOD,FHD,Foliage height diversity (FHD),fhd_normal,Bonferroni,0.018,0.0704171140802372,0.0035906947930731694,0.23846773121389503,2000
SDF–DOF,FED - FOD,FHD,Foliage height diversity (FHD),fhd_normal,FDR,0.0655,0.0704171140802372,0.0035906947930731694,0.23846773121389503,2000
SSdF–DOF,FES - FOD,PAI,"Plant area index (PAI, m^2 m^-2)",pai,Bonferroni,0.96,0.42070756191777203,0.23098021228096866,0.5996581912853496,2000
SSdF–DOF,FES - FOD,PAI,"Plant area index (PAI, m^2 m^-2)",pai,FDR,0.9755,0.42070756191777203,0.23098021228096866,0.5996581912853496,2000
SDF–DOF,FED - FOD,PAI,"Plant area index (PAI, m^2 m^-2)",pai,Bonferroni,0.9145,0.3576714273059418,0.1913187777601106,0.5202562388988673,2000
SDF–DOF,FED - FOD,PAI,"Plant area index (PAI, m^2 m^-2)",pai,FDR,0.9535,0.3576714273059418,0.1913187777601106,0.5202562388988673,2000
DOF–MOF,FOD - FOM,PAI,"Plant area index (PAI, m^2 m^-2)",pai,Bonferroni,0.6175,0.2774131945470431,0.09146652983012875,0.45069454384010366,2000
DOF–MOF,FOD - FOM,PAI,"Plant area index (PAI, m^2 m^-2)",pai,FDR,0.782,0.2774131945470431,0.09146652983012875,0.45069454384010366,2000
SSdF–MOF,FES - FOM,PAI,"Plant area index (PAI, m^2 m^-2)",pai,Bonferroni,0.1485,0.14655298842862713,0.0081089240962557,0.32708584502202387,2000
SSdF–MOF,FES - FOM,PAI,"Plant area index (PAI, m^2 m^-2)",pai,FDR,0.2755,0.14655298842862713,0.0081089240962557,0.32708584502202387,2000
SDF–MOF,FED - FOM,PAI,"Plant area index (PAI, m^2 m^-2)",pai,Bonferroni,0.0255,0.08650855655509573,0.0037236875658483767,0.24778389534224665,2000
SDF–MOF,FED - FOM,PAI,"Plant area index (PAI, m^2 m^-2)",pai,FDR,0.0825,0.08650855655509573,0.0037236875658483767,0.24778389534224665,2000
SDF–SSdF,FED - FES,PAI,"Plant area index (PAI, m^2 m^-2)",pai,Bonferroni,0.0185,0.07367572921371487,0.0037237126392698195,0.2348770579728523,2000
SDF–SSdF,FED - FES,PAI,"Plant area index (PAI, m^2 m^-2)",pai,FDR,0.0565,0.07367572921371487,0.0037237126392698195,0.2348770579728523,2000
