physiognomy,physiognomy_name,physiognomy_raw,polygon_id,altura_dossel,agbd,pai,cover,fhd_normal
DOF,Dense Ombrophilous Forest (DOF),FOD,1,15.349853000000167,59.57943344,1.704212427,57.32997060000001,2.6437280180000005
DOF,Dense Ombrophilous Forest (DOF),FOD,10,10.761841000000004,1.4505966899999996,0.011667120999999997,0.5816534999999999,1.0454360249999999
DOF,Dense Ombrophilous Forest (DOF),FOD,100,18.12998557,74.95021057,3.8627346754999996,85.42608615000002,2.7678258420000006
DOF,Dense Ombrophilous Forest (DOF),FOD,101,17.759862418999994,57.922580720000006,2.9667875770000003,77.30942370000001,2.693624735
DOF,Dense Ombrophilous Forest (DOF),FOD,102,14.934779820500001,34.7000103,2.0254683495,63.647791749999996,2.5185192819999997
DOF,Dense Ombrophilous Forest (DOF),FOD,103,15.272603986,56.44882202,3.7717237470000007,84.71487760000002,2.6495184899999997
DOF,Dense Ombrophilous Forest (DOF),FOD,104,15.503771853,76.32670212,2.8034507035000003,75.1790583,2.578017235
DOF,Dense Ombrophilous Forest (DOF),FOD,105,11.246302599999998,47.01562119,0.619692504,26.619371799999996,2.2225441929999996
DOF,Dense Ombrophilous Forest (DOF),FOD,106,18.624355555,76.790843965,3.9063723085000004,85.74188645000001,2.7059363129999996
DOF,Dense Ombrophilous Forest (DOF),FOD,107,20.580534577999998,106.3803749,4.418185711,88.78124355,2.8329573864999995
DOF,Dense Ombrophilous Forest (DOF),FOD,108,14.6225818395,25.104496955000002,1.1392223835000002,43.40603945,2.4944274424999997
DOF,Dense Ombrophilous Forest (DOF),FOD,109,17.111577032,52.92134094000001,3.2098367210000003,79.90570659999999,2.6530137060000003
DOF,Dense Ombrophilous Forest (DOF),FOD,110,19.369490740000003,61.571924205,3.5555543899999997,83.08606150000001,2.6503405570000003
DOF,Dense Ombrophilous Forest (DOF),FOD,111,26.43163299999999,151.2727203,3.901375055,85.6576502,3.118311405
DOF,Dense Ombrophilous Forest (DOF),FOD,112,29.88809394499999,207.12448120000002,4.297957896999999,88.20292355000001,3.2320055964999996
DOF,Dense Ombrophilous Forest (DOF),FOD,113,21.255552290000008,86.99244690500001,3.4584389924999996,81.7389727,2.878366709
DOF,Dense Ombrophilous Forest (DOF),FOD,114,18.955563069999997,65.513645175,3.0199556349999996,77.71680655,2.673816562
DOF,Dense Ombrophilous Forest (DOF),FOD,115,7.341136930000005,0.0072986,0.014437113,0.7192419,0.6365141869999998
DOF,Dense Ombrophilous Forest (DOF),FOD,116,19.23407745,97.19251250999999,3.8787209989999996,85.42547230000001,2.8209261889999997
DOF,Dense Ombrophilous Forest (DOF),FOD,117,18.841186520000004,78.37496948000002,3.5244047640000002,82.7058494,2.695492506
DOF,Dense Ombrophilous Forest (DOF),FOD,118,27.203836440000003,117.61154555000002,2.247992158,67.46170224999999,3.036247372499999
DOF,Dense Ombrophilous Forest (DOF),FOD,119,26.54092789,168.3965302,4.125116347999998,87.1083975,3.1360108849999997
DOF,Dense Ombrophilous Forest (DOF),FOD,120,27.982563969999994,163.24380489999996,3.8168692589999997,84.97379125,3.153270483
DOF,Dense Ombrophilous Forest (DOF),FOD,121,27.080139199999934,151.41745,3.8698337080000003,85.5518222,3.147478819
DOF,Dense Ombrophilous Forest (DOF),FOD,122,27.373504639999997,137.20899965,3.3206233974999995,80.9598297,3.1200375555
DOF,Dense Ombrophilous Forest (DOF),FOD,123,13.636241912999997,27.533237460000002,1.9658919569999995,62.5711262,2.3416912560000003
DOF,Dense Ombrophilous Forest (DOF),FOD,124,6.531796934999999,0.015257773,0.022016028,1.09473975,0.9296328425000001
DOF,Dense Ombrophilous Forest (DOF),FOD,125,16.34971428,33.79010773000001,3.1442885400000002,79.05814649999998,2.502423763
DOF,Dense Ombrophilous Forest (DOF),FOD,126,6.032451630000004,0,0.019114642999999997,0.9511794999999998,0.9128400680000001
DOF,Dense Ombrophilous Forest (DOF),FOD,129,9.323388099999999,0.37904584399999997,0.010273458,0.5123547,0.8423393370000001
DOF,Dense Ombrophilous Forest (DOF),FOD,130,17.055332720499997,50.749748710000006,1.900203049,61.18416189999999,2.7331109044999997
DOF,Dense Ombrophilous Forest (DOF),FOD,132,11.546532155000001,12.192646030000002,1.9150532479999998,61.5449905,2.246187925
DOF,Dense Ombrophilous Forest (DOF),FOD,133,16.421136614,56.56137848,4.1225194929999995,87.0266855,2.640108585
DOF,Dense Ombrophilous Forest (DOF),FOD,134,20.239432813,74.16942215,2.976228118,77.21826135,2.8612520695
DOF,Dense Ombrophilous Forest (DOF),FOD,135,14.8701942575,30.131420610000003,2.0767464045,56.43999724999999,2.6098259689999996
DOF,Dense Ombrophilous Forest (DOF),FOD,136,15.715311529999997,30.579949290000002,0.7592034095,27.274902450000003,2.2899673579999993
DOF,Dense Ombrophilous Forest (DOF),FOD,137,30.055003160000005,211.91696169999997,2.1109635829999998,65.1801586,3.032924652
DOF,Dense Ombrophilous Forest (DOF),FOD,138,9.254571439,6.4088025449999995,0.9197290165,32.898912249999995,2.0208734870000002
DOF,Dense Ombrophilous Forest (DOF),FOD,144,25.988602876500003,146.42275239999998,3.779389024,84.8246336,3.0912110805
DOF,Dense Ombrophilous Forest (DOF),FOD,145,25.507659914999998,138.7559967,4.097728729,87.08289860000001,3.0719912050000002
DOF,Dense Ombrophilous Forest (DOF),FOD,146,26.839046237,181.5396423,4.066953182000001,86.76097390000001,3.0354514119999996
DOF,Dense Ombrophilous Forest (DOF),FOD,147,26.954863551000006,187.95765690000002,3.93717289,85.97711320000002,3.084403038
DOF,Dense Ombrophilous Forest (DOF),FOD,148,27.16867232,128.7220917,2.6656277180000005,73.4745264,3.029004097
DOF,Dense Ombrophilous Forest (DOF),FOD,149,30.593944785999998,179.430603,3.5713245870000003,83.09789300000001,3.0848975180000004
DOF,Dense Ombrophilous Forest (DOF),FOD,150,22.761966707499997,99.66745569499999,3.4693882464999994,81.88416955,2.8573378325
DOF,Dense Ombrophilous Forest (DOF),FOD,151,22.511261703000002,138.23500059999998,2.289583921,68.15597409999998,2.9153940680000003
MOF,Mixed Ombrophilous Forest (MOF),FOM,153,19.31823700000018,60.736331940000014,2.9792363639999997,77.33860609999998,2.7712855339999996
MOF,Mixed Ombrophilous Forest (MOF),FOM,154,18.168762000000015,58.90162658999999,1.7529951334999998,57.889932400000006,2.6781402825000002
MOF,Mixed Ombrophilous Forest (MOF),FOM,155,15.738952499999755,33.94396782,1.6677910684999997,55.806773899999996,2.5471761225000003
MOF,Mixed Ombrophilous Forest (MOF),FOM,156,14.093627999999853,31.041746615500003,1.084528804,40.85910765,2.4713610409999998
MOF,Mixed Ombrophilous Forest (MOF),FOM,157,14.061034999999947,17.908925055,1.218052417,41.80854635,2.525485873
MOF,Mixed Ombrophilous Forest (MOF),FOM,158,20.967223999999646,73.23151016,3.3277033570000003,80.8480084,2.9187276365
MOF,Mixed Ombrophilous Forest (MOF),FOM,159,18.906005999999934,94.81475067000001,3.299287081,80.7519853,2.8092911239999996
MOF,Mixed Ombrophilous Forest (MOF),FOM,160,13.456054999999992,42.12994575500001,2.4612351654999998,70.24607660000001,2.459015846
MOF,Mixed Ombrophilous Forest (MOF),FOM,161,17.267090000000053,53.746597290000004,3.4552352429999997,82.2142124,2.60266304
MOF,Mixed Ombrophilous Forest (MOF),FOM,162,13.878907000000254,26.75829315,1.498404264,52.71029469999999,2.518281698
MOF,Mixed Ombrophilous Forest (MOF),FOM,163,14.376586999999972,12.197946550000001,1.1444616319999998,43.5657203,2.3957567209999997
MOF,Mixed Ombrophilous Forest (MOF),FOM,164,12.405761499999812,11.316515445,0.7285412549999999,30.5133924,2.3492952585
MOF,Mixed Ombrophilous Forest (MOF),FOM,165,19.13916100000006,63.42877579000001,0.937708795,37.4265999,2.7359709739999998
MOF,Mixed Ombrophilous Forest (MOF),FOM,166,13.700439999999844,8.522120476,0.359411925,16.4471865,2.420404911
MOF,Mixed Ombrophilous Forest (MOF),FOM,167,15.272338499999933,12.251100065500001,0.7897948925,32.604081949999994,2.4685704705
MOF,Mixed Ombrophilous Forest (MOF),FOM,168,20.884277500000167,143.3746643,2.3444956539999997,68.93357929999999,2.7984606024999996
MOF,Mixed Ombrophilous Forest (MOF),FOM,170,20.25830120000012,68.75129700000001,3.405193329,81.77124260000001,2.7871899600000005
MOF,Mixed Ombrophilous Forest (MOF),FOM,171,19.403808000000254,69.04459381000001,3.4690124989999993,82.34333399999998,2.8688569069999996
MOF,Mixed Ombrophilous Forest (MOF),FOM,172,20.722961499999883,77.499897,2.69568336,73.9886135,2.8055315015
MOF,Mixed Ombrophilous Forest (MOF),FOM,173,15.795043999999962,33.32246399,1.8781707290000003,60.87754370000001,2.6191742420000006
MOF,Mixed Ombrophilous Forest (MOF),FOM,174,18.35229449999963,59.229211809999995,1.461591065,51.80440544999999,2.7629073855
MOF,Mixed Ombrophilous Forest (MOF),FOM,175,17.33978300000001,43.401166915,2.033734381,63.75556885,2.713051677
MOF,Mixed Ombrophilous Forest (MOF),FOM,176,20.56262199999992,75.91522980000002,3.88771081,85.44453380000002,2.740274191
MOF,Mixed Ombrophilous Forest (MOF),FOM,177,14.36206049999987,25.0975132,0.697638124,29.43622325000001,2.4066394564999998
MOF,Mixed Ombrophilous Forest (MOF),FOM,178,19.323853000000327,64.66684722999999,2.2479288580000008,67.4771011,2.7688689229999994
MOF,Mixed Ombrophilous Forest (MOF),FOM,179,19.076050000000123,67.12891388,2.046870232,63.9681995,2.6837270260000006
MOF,Mixed Ombrophilous Forest (MOF),FOM,180,20.596802000000025,86.59770966000002,3.329792738,80.87259530000001,2.8653001789999997
MOF,Mixed Ombrophilous Forest (MOF),FOM,181,24.920227500000124,118.9106941,3.520310521,82.77974130000001,3.001578808
MOF,Mixed Ombrophilous Forest (MOF),FOM,182,20.92565899999977,90.62021637,4.040220737,86.68609860000001,2.9082183839999995
MOF,Mixed Ombrophilous Forest (MOF),FOM,183,20.549071999999796,81.13726424999999,3.1562290189999995,79.3201268,2.8619322780000003
MOF,Mixed Ombrophilous Forest (MOF),FOM,184,23.703612999999905,124.92725370000002,3.373577118,81.3416719,3.006225348
MOF,Mixed Ombrophilous Forest (MOF),FOM,185,19.15258800000015,79.19164276000001,3.1430430410000003,79.1707814,2.7777845860000006
MOF,Mixed Ombrophilous Forest (MOF),FOM,186,18.5996090000001,73.58526610999999,2.89532423,76.3134718,2.7376089099999996
MOF,Mixed Ombrophilous Forest (MOF),FOM,187,29.493774999999914,170.61234285,3.095751286,78.4929037,3.066356897
MOF,Mixed Ombrophilous Forest (MOF),FOM,188,20.31622310000023,92.53598784999998,3.799952507,84.97130870000001,2.8423185349999995
MOF,Mixed Ombrophilous Forest (MOF),FOM,189,19.98803720000012,87.89228820999999,3.25692606,80.11536,2.8273844720000003
MOF,Mixed Ombrophilous Forest (MOF),FOM,190,20.823303200000055,101.796402,3.0531425480000003,78.2666922,2.8954908849999996
MOF,Mixed Ombrophilous Forest (MOF),FOM,191,17.454345699999976,67.29050446000002,3.5727798939999995,83.2309544,2.7226107120000003
MOF,Mixed Ombrophilous Forest (MOF),FOM,192,19.19232179999983,71.83018494000001,3.6181113720000004,83.5259855,2.8485915660000005
MOF,Mixed Ombrophilous Forest (MOF),FOM,193,21.088073699999995,84.74493408000002,3.0303368570000004,77.94802779999999,2.8922784329999986
MOF,Mixed Ombrophilous Forest (MOF),FOM,194,25.280090299999642,121.9586029,3.092527866,78.6805809,2.9172050949999995
MOF,Mixed Ombrophilous Forest (MOF),FOM,195,20.31530765000008,85.91550064,3.785253286,84.73193945,2.8837618824999995
MOF,Mixed Ombrophilous Forest (MOF),FOM,196,24.737182600000096,140.0603638,3.9056197404999997,85.64920425,3.0013498064999995
MOF,Mixed Ombrophilous Forest (MOF),FOM,197,23.86492919999978,103.8682098,3.6813423629999997,84.1287911,3.0400745870000003
MOF,Mixed Ombrophilous Forest (MOF),FOM,198,24.35198969999999,85.99218942,2.7959575655,75.04566014999997,3.08168447
MOF,Mixed Ombrophilous Forest (MOF),FOM,199,20.74160764999999,90.2341156,3.6335924864999996,83.6975962,2.8657345774999996
DOF,Dense Ombrophilous Forest (DOF),FOD,20,22.223754999999983,112.5833893,2.864411116,76.0925055,2.8966548439999995
MOF,Mixed Ombrophilous Forest (MOF),FOM,200,22.951721199999838,117.32424160000001,4.717744349999999,90.504694,2.950220346
MOF,Mixed Ombrophilous Forest (MOF),FOM,201,22.37921129999995,96.58002472000001,3.4898480175,82.32921955,2.9639977215
MOF,Mixed Ombrophilous Forest (MOF),FOM,203,21.198974600000042,101.5113983,3.844791174,85.28731470000001,2.8780083659999995
MOF,Mixed Ombrophilous Forest (MOF),FOM,204,20.507080100000053,92.10366821,2.9095935820000003,76.60633329999999,2.8666460509999996
MOF,Mixed Ombrophilous Forest (MOF),FOM,205,24.125976499999865,122.6186905,3.783692122,84.9183142,3.01074481
MOF,Mixed Ombrophilous Forest (MOF),FOM,206,19.994506849999993,78.10611343000001,2.0799220800000002,64.58763780000001,2.7951136830000003
MOF,Mixed Ombrophilous Forest (MOF),FOM,207,23.24130249999996,97.84760286,3.356389165,81.26589955,3.0061236619999994
MOF,Mixed Ombrophilous Forest (MOF),FOM,208,20.78955074999999,68.77166748,1.854012072,60.33172605000001,2.7964212894999996
MOF,Mixed Ombrophilous Forest (MOF),FOM,209,20.601318299999775,72.00294495,2.769356966,74.85453489999999,2.848104954
DOF,Dense Ombrophilous Forest (DOF),FOD,21,23.843872000000147,165.9677582,3.634554386,83.704406,2.9510462279999996
MOF,Mixed Ombrophilous Forest (MOF),FOM,210,21.074768100000142,72.22293853999999,2.095853567,64.8684025,2.8583950999999996
MOF,Mixed Ombrophilous Forest (MOF),FOM,211,22.90039060000015,92.74951935000001,2.1828372480000007,66.31703379999999,2.902124166
MOF,Mixed Ombrophilous Forest (MOF),FOM,212,21.765197799999783,88.85848235999998,2.681328773,73.80310300000001,2.9081146720000004
MOF,Mixed Ombrophilous Forest (MOF),FOM,213,19.543853850000062,64.9750061,2.8435248135,75.85529385,2.821195364
SDF,Seasonal Deciduous Forest (SDF),FED,214,22.585083000000054,119.35227199999999,3.5633871560000006,83.16057320000002,2.949898958
SDF,Seasonal Deciduous Forest (SDF),FED,215,24.35125729999993,118.5055542,3.006604671,77.74537799999999,3.0581398010000003
SDF,Seasonal Deciduous Forest (SDF),FED,216,23.396087650000027,97.239368455,3.8494091035,85.3842735,2.8979644774999995
SDF,Seasonal Deciduous Forest (SDF),FED,217,25.587585500000046,120.47933199999999,4.2515854840000005,88.0647957,3.0169711109999997
SDF,Seasonal Deciduous Forest (SDF),FED,218,32.87704459999992,549.5819092,3.3357594009999993,81.040746,3.259950638
SDF,Seasonal Deciduous Forest (SDF),FED,219,25.537323000000015,149.9742126,3.2139167790000003,79.85945339999999,3.0291938780000005
DOF,Dense Ombrophilous Forest (DOF),FOD,22,21.291991999999937,46.38071442,2.328151464,68.58289839999999,2.8542420859999993
SDF,Seasonal Deciduous Forest (SDF),FED,220,20.942077600000005,79.601295475,3.787292838,84.93686915,2.7991726395
SDF,Seasonal Deciduous Forest (SDF),FED,221,20.81100465000003,88.55500795,3.021241784,76.3898462,2.863798976
SDF,Seasonal Deciduous Forest (SDF),FED,222,23.452514699999938,110.610733,3.237389803,80.1327348,2.993527889
SDF,Seasonal Deciduous Forest (SDF),FED,226,10.152526800000032,7.870642185000002,1.2554447649999998,46.6189802,2.306210518
SDF,Seasonal Deciduous Forest (SDF),FED,227,28.03387449999991,152.91851045,2.864789009,76.06287,3.0389485359999995
SDF,Seasonal Deciduous Forest (SDF),FED,228,21.22241219999995,84.26954651,3.5566482539999993,83.06446080000002,2.970693827
SDF,Seasonal Deciduous Forest (SDF),FED,229,23.222381599999892,109.23400874999999,2.812318683,75.4770279,2.9734151365
DOF,Dense Ombrophilous Forest (DOF),FOD,23,13.918701500000111,61.97242546,1.4906478524999998,52.415451399999995,2.507402539
SDF,Seasonal Deciduous Forest (SDF),FED,230,27.71099855,150.5231857,2.93944788,76.56611799999999,3.0640068055
SDF,Seasonal Deciduous Forest (SDF),FED,231,20.638671900000077,70.24295807,3.450387955,82.05512170000002,2.8515136239999994
SDF,Seasonal Deciduous Forest (SDF),FED,232,22.392120399999953,93.90886688,2.506232262,71.42015699999999,2.945597649
SDF,Seasonal Deciduous Forest (SDF),FED,233,26.094757100000038,139.7176361,2.6447718140000003,73.3239233,3.092567205
SDF,Seasonal Deciduous Forest (SDF),FED,234,22.868576100000013,99.07885742500001,2.8146812915,75.49895345000002,2.9500364064999998
SDF,Seasonal Deciduous Forest (SDF),FED,235,29.877334599999955,75.523460385,0.9491840305,37.60254685,3.1382814644999995
SDF,Seasonal Deciduous Forest (SDF),FED,236,19.50833135000005,49.15122413500001,2.0719510315000003,63.02200555000002,2.7370251420000002
SDF,Seasonal Deciduous Forest (SDF),FED,237,22.208862299999964,96.036247255,3.14631784,79.23369109999999,2.8425520659999997
SDF,Seasonal Deciduous Forest (SDF),FED,238,13.592346149999912,89.944999695,2.6869171855,73.7212628,2.4729726315000002
SDF,Seasonal Deciduous Forest (SDF),FED,239,20.142272949999892,87.78632736,2.9354161019999996,76.49333179999999,2.7982666495
SDF,Seasonal Deciduous Forest (SDF),FED,240,16.970184300000085,167.8468018,1.2045046089999998,45.184156300000005,2.7013409139999998
SDF,Seasonal Deciduous Forest (SDF),FED,241,16.962127699999968,82.313827515,2.263498783,67.40470825,2.6315528155
SDF,Seasonal Deciduous Forest (SDF),FED,242,22.721527099999946,98.52338791,2.96817112,77.21044715,2.9618831869999998
SDF,Seasonal Deciduous Forest (SDF),FED,244,22.92672730000004,99.80401610999999,2.5769121649999995,72.40361569999999,2.9332082269999997
SDF,Seasonal Deciduous Forest (SDF),FED,245,21.853462199999967,74.90242004000001,2.0458232165,64.0033722,2.8970054385
SDF,Seasonal Deciduous Forest (SDF),FED,246,22.128311150000002,83.28312683,2.285975218000001,68.0391133,2.9227907659999994
SDF,Seasonal Deciduous Forest (SDF),FED,247,22.5487976,83.38594054999999,2.521075726,71.60248160000002,2.9448165889999998
SDF,Seasonal Deciduous Forest (SDF),FED,248,24.192550649999987,112.6694412,3.147485852,79.26425935,3.0190657379999992
SDF,Seasonal Deciduous Forest (SDF),FED,249,22.05680849999999,90.827323915,2.815809130499999,75.44309795,2.9241826535
DOF,Dense Ombrophilous Forest (DOF),FOD,25,23.823975000000473,86.38230895999999,3.0474271770000003,78.20645569999999,2.877954245
SDF,Seasonal Deciduous Forest (SDF),FED,250,16.77694699999995,38.270298000000004,1.43987596,51.291751899999994,2.6975636480000005
SDF,Seasonal Deciduous Forest (SDF),FED,251,35.32928469999996,181.40359499999997,2.868016005,75.97663399999999,3.081273556
SDF,Seasonal Deciduous Forest (SDF),FED,252,21.22622679999995,80.85002136,2.544363022,71.853143,2.917332411
SDF,Seasonal Deciduous Forest (SDF),FED,253,30.72328184999995,168.4248581,2.301935196,68.04254649999999,3.0163644554999998
SDF,Seasonal Deciduous Forest (SDF),FED,254,15.868347200000017,32.411083225,1.4101048705,50.241160400000005,2.6302119495
SDF,Seasonal Deciduous Forest (SDF),FED,255,23.154098550000015,93.561107635,2.0079633595,63.29888699999999,2.9692904949999996
SDF,Seasonal Deciduous Forest (SDF),FED,256,29.829925549999928,202.5170212,3.730381608,84.4274431,3.1285603049999997
SDF,Seasonal Deciduous Forest (SDF),FED,257,24.09738160000012,87.41033936000001,2.373287678,69.37680239999999,2.89348197
SDF,Seasonal Deciduous Forest (SDF),FED,258,23.814147899999966,71.74195862000002,1.379603982,49.823978499999996,2.9816381929999993
SDF,Seasonal Deciduous Forest (SDF),FED,259,24.000824000000023,109.2702179,2.91473031,76.6623259,2.9076430799999997
DOF,Dense Ombrophilous Forest (DOF),FOD,26,27.64746100000025,116.67531589999999,2.244451523,67.35775469999999,2.9602494239999992
SDF,Seasonal Deciduous Forest (SDF),FED,260,16.887558000000013,45.36543274000001,2.3025839329999993,68.28129289999998,2.649605274
SDF,Seasonal Deciduous Forest (SDF),FED,261,20.705513050000008,72.021484375,2.282935619500001,68.01463064999999,2.842537641499999
SDF,Seasonal Deciduous Forest (SDF),FED,262,26.48303985000001,150.6978531,3.1549506189999996,79.30693624999999,3.0958890915
SDF,Seasonal Deciduous Forest (SDF),FED,263,31.32563015000001,194.05866244999999,3.7782098054999995,84.76134239999999,3.1297885180000007
SDF,Seasonal Deciduous Forest (SDF),FED,264,23.439239499999985,102.4923553,2.783401251000001,75.03634689999998,2.941649198999999
SDF,Seasonal Deciduous Forest (SDF),FED,265,20.99781805000002,108.47865295,1.5461199284999998,53.80206405,2.7969394925
SDF,Seasonal Deciduous Forest (SDF),FED,267,25.114456149999967,137.01705935,3.2792237995,80.5061668,3.0007510184999995
SDF,Seasonal Deciduous Forest (SDF),FED,268,23.863159199999984,159.55210880000004,2.6775619980000003,73.7806976,2.957228661
SDF,Seasonal Deciduous Forest (SDF),FED,269,27.91076659999993,181.60549930000002,2.141150475,65.6460226,3.0999929899999996
DOF,Dense Ombrophilous Forest (DOF),FOD,27,32.459534000000076,264.09477234999997,3.9886726139999995,85.9795988,3.208815336
SDF,Seasonal Deciduous Forest (SDF),FED,270,18.981307949999987,71.88459015000001,2.9797604085,77.37788855,2.75956583
SDF,Seasonal Deciduous Forest (SDF),FED,271,18.929092400000016,75.1618042,1.6241233350000002,55.5385053,2.6967375280000003
SDF,Seasonal Deciduous Forest (SDF),FED,272,20.78025820000002,86.40444565,3.2169704439999998,79.90903555,2.7827074525000004
SDF,Seasonal Deciduous Forest (SDF),FED,273,11.73490910000001,3.9883790020000003,0.236776799,11.1631416,2.271559
SDF,Seasonal Deciduous Forest (SDF),FED,274,19.858016899999996,98.30730438,3.0912504199999993,78.58847379999999,2.818567276
SDF,Seasonal Deciduous Forest (SDF),FED,275,20.870636000000047,68.84006500000001,2.123362303,65.30637739999999,2.8785204889999996
SSdF,Seasonal Semideciduous Forest (SSdF),FES,276,19.236816400000066,69.063425065,2.071761966,64.39234315000002,2.7531665565
SSdF,Seasonal Semideciduous Forest (SSdF),FES,277,23.621475199999992,100.63130950500002,3.1960817575,79.68149785,2.964079021999999
SSdF,Seasonal Semideciduous Forest (SSdF),FES,278,20.56622319999991,64.73442841,4.097341536999999,87.1046484,2.820410728
SSdF,Seasonal Semideciduous Forest (SSdF),FES,279,20.151061999999996,67.114162445,2.150328159,65.30503629999998,2.7840094564999998
DOF,Dense Ombrophilous Forest (DOF),FOD,28,29.326781999999866,107.57913209999998,2.1995587349999997,66.65862199999998,3.112386703
SSdF,Seasonal Semideciduous Forest (SSdF),FES,281,14.80087279999998,47.66511154000001,2.746509314,74.5672166,2.6278557780000003
SSdF,Seasonal Semideciduous Forest (SSdF),FES,282,19.44487004999999,56.96139908,2.2956163285000004,67.73569585,2.7679266929999997
SSdF,Seasonal Semideciduous Forest (SSdF),FES,283,19.92016604999995,39.19178009,1.4391406775000002,48.845271749999995,2.7333031895
SSdF,Seasonal Semideciduous Forest (SSdF),FES,284,15.537765499999978,30.700223504,1.0999727845000002,39.9961911,2.50502795
SSdF,Seasonal Semideciduous Forest (SSdF),FES,285,19.89117429999999,20.25667763,0.38295477600000005,17.422513700000003,2.8610103129999995
SSdF,Seasonal Semideciduous Forest (SSdF),FES,286,19.54508974999999,74.11050415,3.8909701109999997,85.54440735,2.8528286219999996
SSdF,Seasonal Semideciduous Forest (SSdF),FES,287,17.45202640000008,37.05525208,1.4518250229999998,51.54124499999999,2.6776688099999997
SSdF,Seasonal Semideciduous Forest (SSdF),FES,288,17.827056900000116,39.97974396,1.671533108,56.638884499999996,2.7354483599999995
SSdF,Seasonal Semideciduous Forest (SSdF),FES,289,16.592437749999988,35.447122574999995,1.163235486,44.07980740000001,2.683497548
DOF,Dense Ombrophilous Forest (DOF),FOD,29,30.78759770000022,243.6399384,3.749455452,84.4275951,3.1352825159999997
SSdF,Seasonal Semideciduous Forest (SSdF),FES,290,18.991943349999957,53.773153305,2.3761579395,64.96721805,2.7999526259999996
SSdF,Seasonal Semideciduous Forest (SSdF),FES,291,15.672698899999943,15.65527153,0.814943135,33.44269990000001,2.5940370560000003
SSdF,Seasonal Semideciduous Forest (SSdF),FES,292,12.45556639999998,8.028213739,0.5879366395,25.46458095,2.302336335
SSdF,Seasonal Semideciduous Forest (SSdF),FES,293,18.664093049999963,53.649528505000006,1.890533984,61.1368805,2.6938335895000005
SSdF,Seasonal Semideciduous Forest (SSdF),FES,294,18.460845999999947,50.713470459999996,2.206283331,66.75977109999998,2.7320783139999993
SSdF,Seasonal Semideciduous Forest (SSdF),FES,295,23.887084999999956,133.26969909999997,3.5560984609999995,83.0692768,3.0318806169999997
SSdF,Seasonal Semideciduous Forest (SSdF),FES,296,26.003997850000076,145.96391295,3.2337965965,80.1288128,3.0564950704999996
SSdF,Seasonal Semideciduous Forest (SSdF),FES,297,32.676269599999955,177.27211,4.241807938,87.80184390000001,3.176609278
SSdF,Seasonal Semideciduous Forest (SSdF),FES,298,20.20819090000009,59.95674133,2.0969734189999993,64.9136066,2.844808578
SSdF,Seasonal Semideciduous Forest (SSdF),FES,299,23.642211999999972,125.86161800000001,3.2243068220000004,79.9423873,2.9788186549999995
DOF,Dense Ombrophilous Forest (DOF),FOD,30,31.33575439999987,201.398262,4.014787316,86.42093240000001,3.0856484174999994
SSdF,Seasonal Semideciduous Forest (SSdF),FES,300,25.844421399999987,181.6679688,3.697963953,84.2135191,3.0727539059999995
SSdF,Seasonal Semideciduous Forest (SSdF),FES,301,21.240539500000068,79.07587432999998,3.657482147,83.7276757,2.8858656879999995
SSdF,Seasonal Semideciduous Forest (SSdF),FES,302,12.6750487999999,54.88801956,1.444443226,51.3715982,2.38388586
SSdF,Seasonal Semideciduous Forest (SSdF),FES,303,19.65173300000015,74.99122238499999,3.564643383,83.08884799999998,2.7351590395000005
SSdF,Seasonal Semideciduous Forest (SSdF),FES,304,17.262145999999916,58.571811679999996,3.0471615790000004,77.95268300000001,2.719899178
SSdF,Seasonal Semideciduous Forest (SSdF),FES,305,23.635009800000148,104.28345490000001,3.8455498219999997,85.36707760000002,2.984839916
SSdF,Seasonal Semideciduous Forest (SSdF),FES,306,18.158448000000135,70.17024994,3.3089509009999998,80.74181679999998,2.7276980880000004
SSdF,Seasonal Semideciduous Forest (SSdF),FES,307,23.807922350000013,93.926841735,2.695409894,73.9024818,2.9175207609999996
SSdF,Seasonal Semideciduous Forest (SSdF),FES,308,23.838256799999925,101.33250425000001,3.093152523,78.55615315,2.9358532429999995
SSdF,Seasonal Semideciduous Forest (SSdF),FES,309,26.264648500000135,113.37627409999999,3.219681501,79.71930499999999,2.964109182
DOF,Dense Ombrophilous Forest (DOF),FOD,31,30.016876249999882,165.50811764999997,3.260579824,79.90548315000001,3.0757473705000002
SSdF,Seasonal Semideciduous Forest (SSdF),FES,310,17.456054700000095,326.04956050000004,0.8749518990000001,35.4325354,2.6048781869999997
SSdF,Seasonal Semideciduous Forest (SSdF),FES,311,20.200271600000036,72.11326599,3.0951577425,78.5935849,2.863950968
SSdF,Seasonal Semideciduous Forest (SSdF),FES,312,22.414001499999955,95.4881897,2.4094784259999993,69.97314689999999,2.893808602999999
SSdF,Seasonal Semideciduous Forest (SSdF),FES,313,19.432472200000007,62.253074645,2.4681472779999996,70.87877689999999,2.833836794
SSdF,Seasonal Semideciduous Forest (SSdF),FES,314,22.4805451,123.40334320000001,2.536440849,71.75468805,2.8971545694999996
SSdF,Seasonal Semideciduous Forest (SSdF),FES,316,17.94102470000007,84.12995910999999,1.3251049519999998,48.441168700000006,2.678188086
SSdF,Seasonal Semideciduous Forest (SSdF),FES,317,26.560882600000014,134.03407289999998,3.0055975910000003,77.74689199999999,2.9937312600000006
SSdF,Seasonal Semideciduous Forest (SSdF),FES,319,12.590652449999965,9.2011117935,0.7614191769999998,31.64145355,2.4064712525
DOF,Dense Ombrophilous Forest (DOF),FOD,32,39.42468260000015,292.26319885,3.981664538,85.56205929999999,3.2268869875000004
SSdF,Seasonal Semideciduous Forest (SSdF),FES,320,18.36904143999999,70.40539550999999,4.628447532999999,89.8994386,2.686487198
SSdF,Seasonal Semideciduous Forest (SSdF),FES,321,21.871574425000013,105.94844820000002,3.9414033889999995,85.9202951,2.929473162
SSdF,Seasonal Semideciduous Forest (SSdF),FES,323,15.662132199999945,36.45196151999999,2.4456026549999996,70.5595076,2.508100986
SSdF,Seasonal Semideciduous Forest (SSdF),FES,324,18.654403700000003,50.76971436000001,2.083159924,64.59528209999999,2.7550082209999998
SSdF,Seasonal Semideciduous Forest (SSdF),FES,325,21.82057190000006,142.27165219999995,3.071814537,78.340375399999985,2.9470417500000003
SSdF,Seasonal Semideciduous Forest (SSdF),FES,326,15.677398650000157,47.31434631500001,2.936139226,76.62670015,2.5410722495
SSdF,Seasonal Semideciduous Forest (SSdF),FES,327,17.22055050000006,90.68645477,3.0389585489999997,77.97431350000001,2.688767195
SSdF,Seasonal Semideciduous Forest (SSdF),FES,328,14.82266229999999,23.45139122,1.6334402559999999,55.76193930000001,2.479714632
SSdF,Seasonal Semideciduous Forest (SSdF),FES,329,16.44808960000003,41.63800049,2.5719765425,72.32963145,2.5974471570000004
DOF,Dense Ombrophilous Forest (DOF),FOD,33,23.13793945000009,138.74002455,3.2999589445,80.6290656,2.8619883065
SSdF,Seasonal Semideciduous Forest (SSdF),FES,330,18.738204949999982,45.88141060000001,1.6400069000000002,55.921512850000006,2.696674824
SSdF,Seasonal Semideciduous Forest (SSdF),FES,331,17.79251089999991,38.98142624,2.0545480249999994,64.03645279999999,2.6600761410000002
SSdF,Seasonal Semideciduous Forest (SSdF),FES,332,26.793518000000006,116.2377319,2.9768049719999996,77.288729,3.051524162
SSdF,Seasonal Semideciduous Forest (SSdF),FES,333,18.64784240000006,37.043037415,1.1267981530000002,43.054208200000005,2.6971474885
SSdF,Seasonal Semideciduous Forest (SSdF),FES,334,12.582641599999874,40.80372238,2.4123120309999995,70.0526893,2.395042895999999
SSdF,Seasonal Semideciduous Forest (SSdF),FES,335,17.342101999999954,37.68847656,1.3993967769999998,50.3249228,2.694441557
SSdF,Seasonal Semideciduous Forest (SSdF),FES,336,15.563751199999984,28.106859205,1.790291846,59.0592384,2.5310618875
SSdF,Seasonal Semideciduous Forest (SSdF),FES,337,22.172149700000034,86.08346176500001,2.734806538,74.48158260000001,2.922013521
SSdF,Seasonal Semideciduous Forest (SSdF),FES,338,11.085205099999996,6.576735735,0.6400827769999999,27.387148100000008,2.2201106550000005
SSdF,Seasonal Semideciduous Forest (SSdF),FES,339,9.192131049999972,4.2561695575,0.7768325804999999,32.17541130000001,2.009848237000001
DOF,Dense Ombrophilous Forest (DOF),FOD,34,32.682342550000044,322.27372744999997,3.910785794,85.66517535,3.1688001155000003
SSdF,Seasonal Semideciduous Forest (SSdF),FES,340,12.699081399999983,24.006446839999995,2.202712297,66.754967,2.3744890689999996
SSdF,Seasonal Semideciduous Forest (SSdF),FES,341,22.159359929999994,125.7328339,4.3680734635,88.63889874999998,2.8748176094999995
SSdF,Seasonal Semideciduous Forest (SSdF),FES,342,23.709495530000005,131.46895985,3.8371449705,85.19998190000001,2.8741912845
SSdF,Seasonal Semideciduous Forest (SSdF),FES,343,22.620372775000014,98.7362976,3.3865244389999996,81.38001265,2.9675489665
SSdF,Seasonal Semideciduous Forest (SSdF),FES,344,18.764154430000005,112.3703308,1.7653526364999998,52.53136605,2.8128767014999996
SSdF,Seasonal Semideciduous Forest (SSdF),FES,347,22.559275387,92.93117142,4.472168684,89.20706214999998,2.9449980255000003
SSdF,Seasonal Semideciduous Forest (SSdF),FES,348,24.718037133000003,130.08154297,3.3234838250000003,76.7295718,3.0657634735
DOF,Dense Ombrophilous Forest (DOF),FOD,35,24.498443599999973,142.63562393,3.8991045950000003,85.68240105000001,3.0230922699999994
SSdF,Seasonal Semideciduous Forest (SSdF),FES,350,13.672410005000009,27.19190788,3.119636655,78.95660099999998,2.3997349739999994
SSdF,Seasonal Semideciduous Forest (SSdF),FES,351,14.048877719999993,26.539075850000003,3.1026644709999998,78.73275879999998,2.334689856
SSdF,Seasonal Semideciduous Forest (SSdF),FES,352,15.654296880000004,59.169559480000004,3.4319937229999997,82.01335669999999,2.4991126059999997
SSdF,Seasonal Semideciduous Forest (SSdF),FES,353,17.903103824999995,59.590271,3.8979520799999996,85.48510070000002,2.6241128440000003
SSdF,Seasonal Semideciduous Forest (SSdF),FES,354,24.434195519999996,139.67230225,3.9905015230000007,85.9256327,3.0621556045000005
SSdF,Seasonal Semideciduous Forest (SSdF),FES,355,21.689414982000002,123.10988619999999,2.972456931999999,77.15978030000001,2.8755903239999996
SSdF,Seasonal Semideciduous Forest (SSdF),FES,356,12.345685009999999,84.30615879099999,0.46041758400000005,20.190224800000003,2.2733166219999994
SSdF,Seasonal Semideciduous Forest (SSdF),FES,357,13.386049269999994,8.560261726500002,0.549175419,22.8304237,2.3038305039999996
SSdF,Seasonal Semideciduous Forest (SSdF),FES,358,9.55069352000001,69.91083527,0.088289775,4.3180455,2.211216688
SSdF,Seasonal Semideciduous Forest (SSdF),FES,359,15.539182659999994,39.669498444999995,2.1205195784999997,61.8787214,2.573126197
DOF,Dense Ombrophilous Forest (DOF),FOD,36,24.22711189999984,108.0531464,3.581544876,83.229202,2.9218091959999994
SSdF,Seasonal Semideciduous Forest (SSdF),FES,360,23.94906235000002,150.12823490000002,3.2313239570000003,79.98031379999999,3.108342171
SSdF,Seasonal Semideciduous Forest (SSdF),FES,363,18.860443100000055,92.19754028000001,2.9002571109999997,76.3457954,2.6531364920000002
SSdF,Seasonal Semideciduous Forest (SSdF),FES,364,10.601402289999996,30.091255190000005,0.082068294,4.0200461,1.8270949129999998
SSdF,Seasonal Semideciduous Forest (SSdF),FES,365,6.418239589999999,7.751074314,0.024648106,1.2248405,1.0597985979999998
SSdF,Seasonal Semideciduous Forest (SSdF),FES,367,15.23900413499998,84.35678482,3.2809224130000008,80.56169450000002,2.5308713915
DOF,Dense Ombrophilous Forest (DOF),FOD,37,24.12719700000025,130.42796330000002,3.3830957410000004,81.5757275,3.075232506
DOF,Dense Ombrophilous Forest (DOF),FOD,38,22.48144500000035,116.4559326,3.532974243,82.70286920000002,2.852563858
SSdF,Seasonal Semideciduous Forest (SSdF),FES,380,6.445495605000005,7.138120769,0.07209387450000002,3.5272481000000004,1.4035917519999996
SSdF,Seasonal Semideciduous Forest (SSdF),FES,386,5.901054384999998,4.97209692,0.0406104495,2.0090809999999997,1.3713879585
DOF,Dense Ombrophilous Forest (DOF),FOD,39,20.20941159999984,95.26818085,3.405690908,81.7538977,2.828493357
SSdF,Seasonal Semideciduous Forest (SSdF),FES,390,5.132593149999977,3.5847057104999993,0.009346811,0.46624999999999994,0.8508372899999999
SSdF,Seasonal Semideciduous Forest (SSdF),FES,391,10.65896416,40.032463431,3.1208924110000003,48.211269800000004,1.7442438905
SSdF,Seasonal Semideciduous Forest (SSdF),FES,394,6.705711360000002,8.781129837,0.00235223,0.11754230000000002,1.1544859410000003
SSdF,Seasonal Semideciduous Forest (SSdF),FES,396,4.554401399999989,3.4303581709999995,0.025217637,1.2529359,1.0616972449999997
DOF,Dense Ombrophilous Forest (DOF),FOD,40,24.392700249999905,125.94182590000003,3.621155143,83.50586295,3.0136761665
DOF,Dense Ombrophilous Forest (DOF),FOD,41,22.002624500000138,125.5489731,3.423919916,81.7751527,2.9208543299999996
DOF,Dense Ombrophilous Forest (DOF),FOD,42,22.08749384999993,101.04174040000001,3.142915964,79.16235925,2.9102145429999995
DOF,Dense Ombrophilous Forest (DOF),FOD,43,19.55126949999999,88.348495485,3.2431516650000005,80.190134,2.8132328989999995
DOF,Dense Ombrophilous Forest (DOF),FOD,44,22.533447300000034,107.45703125,3.4452430009999997,82.10593165,2.9195511339999998
DOF,Dense Ombrophilous Forest (DOF),FOD,45,22.513915999999938,113.7626877,3.1656368974999998,79.31251825,2.9431571960000005
DOF,Dense Ombrophilous Forest (DOF),FOD,46,19.615295500000116,89.82749939000001,3.121511936,78.8641453,2.807863951
DOF,Dense Ombrophilous Forest (DOF),FOD,47,22.603362999999945,110.48348995,3.6695822474999997,83.84617865000001,2.9219285249999993
DOF,Dense Ombrophilous Forest (DOF),FOD,48,24.011749300000133,126.2583084,3.732511997,84.27281380000001,2.948656559
DOF,Dense Ombrophilous Forest (DOF),FOD,49,24.755981399999825,134.2155914,3.647578478,83.75322225000001,3.005797148
DOF,Dense Ombrophilous Forest (DOF),FOD,5,25.533446999999796,180.2629089,2.503614187,71.3763475,3.1711912160000004
DOF,Dense Ombrophilous Forest (DOF),FOD,50,25.437134000000242,145.57980349999997,3.4874677660000004,82.37485290000001,3.0283200740000003
DOF,Dense Ombrophilous Forest (DOF),FOD,51,25.305541999999946,145.31048584999996,3.6839163305,84.04747545000001,3.0383808615000003
DOF,Dense Ombrophilous Forest (DOF),FOD,52,19.697265599999923,83.211769105,3.3385555739999995,80.9377015,2.7877511980000005
DOF,Dense Ombrophilous Forest (DOF),FOD,53,24.537841800000024,138.5697174,3.9327964779999998,85.9580278,2.9970467089999997
DOF,Dense Ombrophilous Forest (DOF),FOD,54,22.14779670000007,107.95613865,3.2590458395000006,80.3850353,2.921954036
DOF,Dense Ombrophilous Forest (DOF),FOD,55,20.254027999999835,101.5497131,3.0796692369999996,78.53966949999999,2.8413159849999996
DOF,Dense Ombrophilous Forest (DOF),FOD,56,19.36206059999995,84.55060577,3.4112129209999993,81.64339659999999,2.7677233220000006
DOF,Dense Ombrophilous Forest (DOF),FOD,57,20.956115750000095,92.17015457,3.2825336455,80.46923280000001,2.866409302
DOF,Dense Ombrophilous Forest (DOF),FOD,58,21.839722000000165,118.34450910000001,3.626376152,83.60456230000001,2.8916208739999996
DOF,Dense Ombrophilous Forest (DOF),FOD,59,21.66998290000015,105.0229034,3.4729742999999997,82.31694700000001,2.8997921939999993
DOF,Dense Ombrophilous Forest (DOF),FOD,6,18.328125499999828,115.60597993000002,1.3665183484999999,46.98150755,2.7740782499999996
DOF,Dense Ombrophilous Forest (DOF),FOD,60,17.25817870000003,83.22390747,3.0305669309999996,77.6901126,2.7229046820000002
DOF,Dense Ombrophilous Forest (DOF),FOD,61,23.122314449999976,98.08496475000001,3.487956762,82.48389660000001,2.9355947974999994
DOF,Dense Ombrophilous Forest (DOF),FOD,62,21.961482999999994,133.86611940000003,3.7714159489999997,84.70769520000002,2.943683863
DOF,Dense Ombrophilous Forest (DOF),FOD,63,24.694908100000006,141.83207700000003,4.107031344999999,86.96757560000002,2.993969917
DOF,Dense Ombrophilous Forest (DOF),FOD,64,24.128683090000017,107.2105331,3.9330184459999997,86.003238,2.911197901
DOF,Dense Ombrophilous Forest (DOF),FOD,65,28.358550999999977,202.69887545,3.8078854079999997,84.90399715000001,3.0736351015000003
DOF,Dense Ombrophilous Forest (DOF),FOD,66,27.483215400000006,156.0228882,3.50695467,82.52444860000001,3.0758190159999996
DOF,Dense Ombrophilous Forest (DOF),FOD,67,22.035919200000137,137.59402469999998,3.7718200680000002,84.8132312,2.921704054
DOF,Dense Ombrophilous Forest (DOF),FOD,68,21.384780899999953,125.6582756,3.5886174439999996,83.31181405000001,2.8878526685
DOF,Dense Ombrophilous Forest (DOF),FOD,69,23.075241100000056,130.6287231,3.8435115810000005,85.35426260000001,2.9614419939999994
DOF,Dense Ombrophilous Forest (DOF),FOD,70,26.373069799999982,146.4134674,4.0765271190000005,86.8105531,3.092092752
DOF,Dense Ombrophilous Forest (DOF),FOD,71,22.534133899999944,138.9991608,3.476011753,82.292676,2.9323897359999997
DOF,Dense Ombrophilous Forest (DOF),FOD,72,18.380248999999935,88.46555328000002,3.0365226269999996,78.05352809999998,2.6750493049999995
DOF,Dense Ombrophilous Forest (DOF),FOD,73,25.063537600000018,157.0600891,3.904207468,85.58700680000001,2.9524402619999996
DOF,Dense Ombrophilous Forest (DOF),FOD,74,25.42710875000003,131.79184725,4.346357465,87.85902860000002,3.0295056105
DOF,Dense Ombrophilous Forest (DOF),FOD,75,21.719360400000085,91.65853118999998,3.706799984,84.13736820000001,2.9347572329999996
DOF,Dense Ombrophilous Forest (DOF),FOD,76,15.31475829999988,81.13152313,2.1076343060000005,65.1206851,2.6594951149999995
DOF,Dense Ombrophilous Forest (DOF),FOD,77,27.12172699999998,196.98003385000004,4.190302967999999,87.0667696,3.027703404
DOF,Dense Ombrophilous Forest (DOF),FOD,78,25.867996199999993,140.63008119999998,4.186141014,87.6056969,3.029070854
DOF,Dense Ombrophilous Forest (DOF),FOD,79,25.743370049999953,147.36463929999996,3.9580605029999996,86.15799845000001,3.0950727465000005
DOF,Dense Ombrophilous Forest (DOF),FOD,80,21.540355675000015,106.99540331000001,3.6777144675,84.06514525,2.8951791525
DOF,Dense Ombrophilous Forest (DOF),FOD,81,24.23517609999996,112.96976470000001,3.5149009229999995,82.7488482,3.0385453699999996
DOF,Dense Ombrophilous Forest (DOF),FOD,82,20.822471599999986,106.04899975,3.2734059094999997,80.52144650000001,2.8341733214999993
DOF,Dense Ombrophilous Forest (DOF),FOD,83,24.04998779999994,118.9895325,3.655490398,83.8511527,2.990797043
DOF,Dense Ombrophilous Forest (DOF),FOD,84,29.176361085000018,183.12279515,4.4090547565,88.9200628,3.0685555935
DOF,Dense Ombrophilous Forest (DOF),FOD,85,22.186180150000027,124.86076739999999,3.606001377,83.36101769999999,2.9305267335
DOF,Dense Ombrophilous Forest (DOF),FOD,86,28.072494500000033,190.0163879,4.210383892,87.66297700000003,3.1400475500000002
DOF,Dense Ombrophilous Forest (DOF),FOD,87,24.723815899999977,176.0488281,3.603273869,83.46158860000001,3.0903339389999998
DOF,Dense Ombrophilous Forest (DOF),FOD,88,29.810638499999982,200.5249176,3.670071363,84.03263689999999,3.1494431499999997
DOF,Dense Ombrophilous Forest (DOF),FOD,89,27.514266950000064,168.32473750000003,4.258588790499999,87.96005845,3.129293323
DOF,Dense Ombrophilous Forest (DOF),FOD,90,26.98577879999999,168.48022465000003,3.754569054,84.5646143,3.0841236110000003
DOF,Dense Ombrophilous Forest (DOF),FOD,91,21.944686900000036,121.98683930000001,3.933298707,85.81978675000002,2.9038561584999996
DOF,Dense Ombrophilous Forest (DOF),FOD,92,25.828460699999937,110.09136960000002,4.216675758,87.787056,2.954870701
DOF,Dense Ombrophilous Forest (DOF),FOD,93,18.272719862000002,66.6858139,3.4695940020000005,82.1804285,2.7336189749999997
DOF,Dense Ombrophilous Forest (DOF),FOD,94,18.938185212500002,65.81054688,2.38565588,69.64769960000001,2.770173788
DOF,Dense Ombrophilous Forest (DOF),FOD,95,16.334503654,37.27706145999999,2.410217047,69.9291408,2.6121666429999997
DOF,Dense Ombrophilous Forest (DOF),FOD,96,21.543939111999993,100.35022740000001,3.5451545720000004,82.92596340000001,2.942374945
DOF,Dense Ombrophilous Forest (DOF),FOD,98,18.2656908015,49.866355895,2.5134499075,71.45721019999999,2.726502538
DOF,Dense Ombrophilous Forest (DOF),FOD,99,16.296916006,36.47980881,2.4971683029999996,71.30079269999999,2.6273291110000003
